<Annotations>
  <Database>LectureMath</Database>
  <Lecture>00008_001_020</Lecture>
  <Filename>whiteboards_2020/output/annotations/LectureMath_00008_001_020.xml</Filename>
  <VideoFiles>
     <VideoFile>whiteboards_2020/videos/00008_001_020.mp4</VideoFile>
  </VideoFiles>
  <DrawingInfo>
     <Canvas>
         <X>10.0</X>
         <Y>60.0</Y>
         <W>1040.0</W>
         <H>620.0</H>
     </Canvas>
     <Player>
         <ControlArea>
             <X>50.0</X>
             <Y>100.0</Y>
             <W>960.0</W>
             <H>540.0</H>
         </ControlArea>
         <RenderArea>
             <X>50.0</X>
             <Y>100.0</Y>
             <W>960.0</W>
             <H>540.0</H>
         </RenderArea>
     </Player>
  </DrawingInfo>
  <VideoObjects>
  <VideoObject>
    <Id>speaker</Id>
    <Name>speaker</Name>
    <Shape>0</Shape>
    <VideoObjectLocations>
        <VideoObjectLocation>
          <Visible>1</Visible>
          <Frame>0</Frame>
          <AbsTime>0.0</AbsTime>
          <Label>explain</Label>
          <Polygon>
            <Point>
              <X>10.0</X>
              <Y>10.0</Y>
            </Point>
            <Point>
              <X>110.0</X>
              <Y>10.0</Y>
            </Point>
            <Point>
              <X>110.0</X>
              <Y>110.0</Y>
            </Point>
            <Point>
              <X>10.0</X>
              <Y>110.0</Y>
            </Point>
          </Polygon>
        </VideoObjectLocation>
        <VideoObjectLocation>
          <Visible>1</Visible>
          <Frame>1470</Frame>
          <AbsTime>49045.07100149477</AbsTime>
          <Label>write</Label>
          <Polygon>
            <Point>
              <X>10.0</X>
              <Y>10.0</Y>
            </Point>
            <Point>
              <X>110.0</X>
              <Y>10.0</Y>
            </Point>
            <Point>
              <X>110.0</X>
              <Y>110.0</Y>
            </Point>
            <Point>
              <X>10.0</X>
              <Y>110.0</Y>
            </Point>
          </Polygon>
        </VideoObjectLocation>
        <VideoObjectLocation>
          <Visible>1</Visible>
          <Frame>1483</Frame>
          <AbsTime>49478.80292191615</AbsTime>
          <Label>explain</Label>
          <Polygon>
            <Point>
              <X>10.0</X>
              <Y>10.0</Y>
            </Point>
            <Point>
              <X>110.0</X>
              <Y>10.0</Y>
            </Point>
            <Point>
              <X>110.0</X>
              <Y>110.0</Y>
            </Point>
            <Point>
              <X>10.0</X>
              <Y>110.0</Y>
            </Point>
          </Polygon>
        </VideoObjectLocation>
        <VideoObjectLocation>
          <Visible>1</Visible>
          <Frame>1570</Frame>
          <AbsTime>52381.470389351554</AbsTime>
          <Label>write</Label>
          <Polygon>
            <Point>
              <X>10.0</X>
              <Y>10.0</Y>
            </Point>
            <Point>
              <X>110.0</X>
              <Y>10.0</Y>
            </Point>
            <Point>
              <X>110.0</X>
              <Y>110.0</Y>
            </Point>
            <Point>
              <X>10.0</X>
              <Y>110.0</Y>
            </Point>
          </Polygon>
        </VideoObjectLocation>
        <VideoObjectLocation>
          <Visible>1</Visible>
          <Frame>1695</Frame>
          <AbsTime>56551.96962417254</AbsTime>
          <Label>explain</Label>
          <Polygon>
            <Point>
              <X>10.0</X>
              <Y>10.0</Y>
            </Point>
            <Point>
              <X>110.0</X>
              <Y>10.0</Y>
            </Point>
            <Point>
              <X>110.0</X>
              <Y>110.0</Y>
            </Point>
            <Point>
              <X>10.0</X>
              <Y>110.0</Y>
            </Point>
          </Polygon>
        </VideoObjectLocation>
        <VideoObjectLocation>
          <Visible>1</Visible>
          <Frame>2209</Frame>
          <AbsTime>73701.06247775642</AbsTime>
          <Label>write</Label>
          <Polygon>
            <Point>
              <X>10.0</X>
              <Y>10.0</Y>
            </Point>
            <Point>
              <X>110.0</X>
              <Y>10.0</Y>
            </Point>
            <Point>
              <X>110.0</X>
              <Y>110.0</Y>
            </Point>
            <Point>
              <X>10.0</X>
              <Y>110.0</Y>
            </Point>
          </Polygon>
        </VideoObjectLocation>
        <VideoObjectLocation>
          <Visible>1</Visible>
          <Frame>2222</Frame>
          <AbsTime>74134.79439817781</AbsTime>
          <Label>explain</Label>
          <Polygon>
            <Point>
              <X>10.0</X>
              <Y>10.0</Y>
            </Point>
            <Point>
              <X>110.0</X>
              <Y>10.0</Y>
            </Point>
            <Point>
              <X>110.0</X>
              <Y>110.0</Y>
            </Point>
            <Point>
              <X>10.0</X>
              <Y>110.0</Y>
            </Point>
          </Polygon>
        </VideoObjectLocation>
        <VideoObjectLocation>
          <Visible>1</Visible>
          <Frame>2280</Frame>
          <AbsTime>76069.90604313475</AbsTime>
          <Label>write</Label>
          <Polygon>
            <Point>
              <X>10.0</X>
              <Y>10.0</Y>
            </Point>
            <Point>
              <X>110.0</X>
              <Y>10.0</Y>
            </Point>
            <Point>
              <X>110.0</X>
              <Y>110.0</Y>
            </Point>
            <Point>
              <X>10.0</X>
              <Y>110.0</Y>
            </Point>
          </Polygon>
        </VideoObjectLocation>
        <VideoObjectLocation>
          <Visible>1</Visible>
          <Frame>2312</Frame>
          <AbsTime>77137.55384724891</AbsTime>
          <Label>explain</Label>
          <Polygon>
            <Point>
              <X>9.999999999999998</X>
              <Y>9.999999999999998</Y>
            </Point>
            <Point>
              <X>110.0</X>
              <Y>9.999999999999998</Y>
            </Point>
            <Point>
              <X>110.0</X>
              <Y>110.0</Y>
            </Point>
            <Point>
              <X>9.999999999999998</X>
              <Y>110.0</Y>
            </Point>
          </Polygon>
        </VideoObjectLocation>
        <VideoObjectLocation>
          <Visible>1</Visible>
          <Frame>2347</Frame>
          <AbsTime>78305.29363299879</AbsTime>
          <Label>write</Label>
          <Polygon>
            <Point>
              <X>9.999999999999998</X>
              <Y>9.999999999999998</Y>
            </Point>
            <Point>
              <X>110.0</X>
              <Y>9.999999999999998</Y>
            </Point>
            <Point>
              <X>110.0</X>
              <Y>110.0</Y>
            </Point>
            <Point>
              <X>9.999999999999998</X>
              <Y>110.0</Y>
            </Point>
          </Polygon>
        </VideoObjectLocation>
        <VideoObjectLocation>
          <Visible>1</Visible>
          <Frame>2367</Frame>
          <AbsTime>78972.57351057015</AbsTime>
          <Label>explain</Label>
          <Polygon>
            <Point>
              <X>9.999999999999998</X>
              <Y>9.999999999999998</Y>
            </Point>
            <Point>
              <X>110.0</X>
              <Y>9.999999999999998</Y>
            </Point>
            <Point>
              <X>110.0</X>
              <Y>110.0</Y>
            </Point>
            <Point>
              <X>9.999999999999998</X>
              <Y>110.0</Y>
            </Point>
          </Polygon>
        </VideoObjectLocation>
        <VideoObjectLocation>
          <Visible>1</Visible>
          <Frame>2418</Frame>
          <AbsTime>80674.13719837711</AbsTime>
          <Label>write</Label>
          <Polygon>
            <Point>
              <X>10.0</X>
              <Y>10.0</Y>
            </Point>
            <Point>
              <X>110.0</X>
              <Y>10.0</Y>
            </Point>
            <Point>
              <X>110.0</X>
              <Y>110.0</Y>
            </Point>
            <Point>
              <X>10.0</X>
              <Y>110.0</Y>
            </Point>
          </Polygon>
        </VideoObjectLocation>
        <VideoObjectLocation>
          <Visible>1</Visible>
          <Frame>2477</Frame>
          <AbsTime>82642.61283721261</AbsTime>
          <Label>explain</Label>
          <Polygon>
            <Point>
              <X>10.0</X>
              <Y>10.0</Y>
            </Point>
            <Point>
              <X>110.0</X>
              <Y>10.0</Y>
            </Point>
            <Point>
              <X>110.0</X>
              <Y>110.0</Y>
            </Point>
            <Point>
              <X>10.0</X>
              <Y>110.0</Y>
            </Point>
          </Polygon>
        </VideoObjectLocation>
        <VideoObjectLocation>
          <Visible>1</Visible>
          <Frame>2845</Frame>
          <AbsTime>94920.56258452559</AbsTime>
          <Label>write</Label>
          <Polygon>
            <Point>
              <X>10.0</X>
              <Y>10.0</Y>
            </Point>
            <Point>
              <X>110.0</X>
              <Y>10.0</Y>
            </Point>
            <Point>
              <X>110.0</X>
              <Y>110.0</Y>
            </Point>
            <Point>
              <X>10.0</X>
              <Y>110.0</Y>
            </Point>
          </Polygon>
        </VideoObjectLocation>
        <VideoObjectLocation>
          <Visible>1</Visible>
          <Frame>3059</Frame>
          <AbsTime>102060.4572745391</AbsTime>
          <Label>explain</Label>
          <Polygon>
            <Point>
              <X>10.0</X>
              <Y>10.0</Y>
            </Point>
            <Point>
              <X>110.0</X>
              <Y>10.0</Y>
            </Point>
            <Point>
              <X>110.0</X>
              <Y>110.0</Y>
            </Point>
            <Point>
              <X>10.0</X>
              <Y>110.0</Y>
            </Point>
          </Polygon>
        </VideoObjectLocation>
        <VideoObjectLocation>
          <Visible>1</Visible>
          <Frame>3777</Frame>
          <AbsTime>126015.80487935084</AbsTime>
          <Label>write</Label>
          <Polygon>
            <Point>
              <X>10.0</X>
              <Y>10.0</Y>
            </Point>
            <Point>
              <X>110.0</X>
              <Y>10.0</Y>
            </Point>
            <Point>
              <X>110.0</X>
              <Y>110.0</Y>
            </Point>
            <Point>
              <X>10.0</X>
              <Y>110.0</Y>
            </Point>
          </Polygon>
        </VideoObjectLocation>
        <VideoObjectLocation>
          <Visible>1</Visible>
          <Frame>3848</Frame>
          <AbsTime>128384.64844472916</AbsTime>
          <Label>explain</Label>
          <Polygon>
            <Point>
              <X>10.0</X>
              <Y>10.0</Y>
            </Point>
            <Point>
              <X>110.0</X>
              <Y>10.0</Y>
            </Point>
            <Point>
              <X>110.0</X>
              <Y>110.0</Y>
            </Point>
            <Point>
              <X>10.0</X>
              <Y>110.0</Y>
            </Point>
          </Polygon>
        </VideoObjectLocation>
        <VideoObjectLocation>
          <Visible>1</Visible>
          <Frame>3993</Frame>
          <AbsTime>133222.4275571215</AbsTime>
          <Label>write</Label>
          <Polygon>
            <Point>
              <X>10.0</X>
              <Y>10.0</Y>
            </Point>
            <Point>
              <X>110.0</X>
              <Y>10.0</Y>
            </Point>
            <Point>
              <X>110.0</X>
              <Y>110.0</Y>
            </Point>
            <Point>
              <X>10.0</X>
              <Y>110.0</Y>
            </Point>
          </Polygon>
        </VideoObjectLocation>
        <VideoObjectLocation>
          <Visible>1</Visible>
          <Frame>4052</Frame>
          <AbsTime>135190.903195957</AbsTime>
          <Label>explain</Label>
          <Polygon>
            <Point>
              <X>10.0</X>
              <Y>10.0</Y>
            </Point>
            <Point>
              <X>110.0</X>
              <Y>10.0</Y>
            </Point>
            <Point>
              <X>110.0</X>
              <Y>110.0</Y>
            </Point>
            <Point>
              <X>10.0</X>
              <Y>110.0</Y>
            </Point>
          </Polygon>
        </VideoObjectLocation>
        <VideoObjectLocation>
          <Visible>1</Visible>
          <Frame>4160</Frame>
          <AbsTime>138794.21453484232</AbsTime>
          <Label>write</Label>
          <Polygon>
            <Point>
              <X>10.0</X>
              <Y>10.0</Y>
            </Point>
            <Point>
              <X>110.0</X>
              <Y>10.0</Y>
            </Point>
            <Point>
              <X>110.0</X>
              <Y>110.0</Y>
            </Point>
            <Point>
              <X>10.0</X>
              <Y>110.0</Y>
            </Point>
          </Polygon>
        </VideoObjectLocation>
        <VideoObjectLocation>
          <Visible>1</Visible>
          <Frame>4205</Frame>
          <AbsTime>140295.5942593779</AbsTime>
          <Label>explain</Label>
          <Polygon>
            <Point>
              <X>10.0</X>
              <Y>10.0</Y>
            </Point>
            <Point>
              <X>110.0</X>
              <Y>10.0</Y>
            </Point>
            <Point>
              <X>110.0</X>
              <Y>110.0</Y>
            </Point>
            <Point>
              <X>10.0</X>
              <Y>110.0</Y>
            </Point>
          </Polygon>
        </VideoObjectLocation>
        <VideoObjectLocation>
          <Visible>1</Visible>
          <Frame>4917</Frame>
          <AbsTime>164050.7579009182</AbsTime>
          <Label>write</Label>
          <Polygon>
            <Point>
              <X>10.0</X>
              <Y>10.0</Y>
            </Point>
            <Point>
              <X>110.0</X>
              <Y>10.0</Y>
            </Point>
            <Point>
              <X>110.0</X>
              <Y>110.0</Y>
            </Point>
            <Point>
              <X>10.0</X>
              <Y>110.0</Y>
            </Point>
          </Polygon>
        </VideoObjectLocation>
        <VideoObjectLocation>
          <Visible>1</Visible>
          <Frame>5086</Frame>
          <AbsTime>169689.27286639618</AbsTime>
          <Label>explain</Label>
          <Polygon>
            <Point>
              <X>10.0</X>
              <Y>10.0</Y>
            </Point>
            <Point>
              <X>110.0</X>
              <Y>10.0</Y>
            </Point>
            <Point>
              <X>110.0</X>
              <Y>110.0</Y>
            </Point>
            <Point>
              <X>10.0</X>
              <Y>110.0</Y>
            </Point>
          </Polygon>
        </VideoObjectLocation>
        <VideoObjectLocation>
          <Visible>1</Visible>
          <Frame>5646</Frame>
          <AbsTime>188373.1094383942</AbsTime>
          <Label>write</Label>
          <Polygon>
            <Point>
              <X>10.0</X>
              <Y>10.0</Y>
            </Point>
            <Point>
              <X>110.0</X>
              <Y>10.0</Y>
            </Point>
            <Point>
              <X>110.0</X>
              <Y>110.0</Y>
            </Point>
            <Point>
              <X>10.0</X>
              <Y>110.0</Y>
            </Point>
          </Polygon>
        </VideoObjectLocation>
        <VideoObjectLocation>
          <Visible>1</Visible>
          <Frame>5756</Frame>
          <AbsTime>192043.14876503666</AbsTime>
          <Label>explain</Label>
          <Polygon>
            <Point>
              <X>10.0</X>
              <Y>10.0</Y>
            </Point>
            <Point>
              <X>110.0</X>
              <Y>10.0</Y>
            </Point>
            <Point>
              <X>110.0</X>
              <Y>110.0</Y>
            </Point>
            <Point>
              <X>10.0</X>
              <Y>110.0</Y>
            </Point>
          </Polygon>
        </VideoObjectLocation>
        <VideoObjectLocation>
          <Visible>1</Visible>
          <Frame>6280</Frame>
          <AbsTime>209525.88155740622</AbsTime>
          <Label>write</Label>
          <Polygon>
            <Point>
              <X>10.0</X>
              <Y>10.0</Y>
            </Point>
            <Point>
              <X>110.0</X>
              <Y>10.0</Y>
            </Point>
            <Point>
              <X>110.0</X>
              <Y>110.0</Y>
            </Point>
            <Point>
              <X>10.0</X>
              <Y>110.0</Y>
            </Point>
          </Polygon>
        </VideoObjectLocation>
        <VideoObjectLocation>
          <Visible>1</Visible>
          <Frame>6312</Frame>
          <AbsTime>210593.52936152037</AbsTime>
          <Label>explain</Label>
          <Polygon>
            <Point>
              <X>10.0</X>
              <Y>10.0</Y>
            </Point>
            <Point>
              <X>110.0</X>
              <Y>10.0</Y>
            </Point>
            <Point>
              <X>110.0</X>
              <Y>110.0</Y>
            </Point>
            <Point>
              <X>10.0</X>
              <Y>110.0</Y>
            </Point>
          </Polygon>
        </VideoObjectLocation>
        <VideoObjectLocation>
          <Visible>1</Visible>
          <Frame>6505</Frame>
          <AbsTime>217032.780180084</AbsTime>
          <Label>write</Label>
          <Polygon>
            <Point>
              <X>10.0</X>
              <Y>10.0</Y>
            </Point>
            <Point>
              <X>110.0</X>
              <Y>10.0</Y>
            </Point>
            <Point>
              <X>110.0</X>
              <Y>110.0</Y>
            </Point>
            <Point>
              <X>10.0</X>
              <Y>110.0</Y>
            </Point>
          </Polygon>
        </VideoObjectLocation>
        <VideoObjectLocation>
          <Visible>1</Visible>
          <Frame>6538</Frame>
          <AbsTime>218133.7919780767</AbsTime>
          <Label>explain</Label>
          <Polygon>
            <Point>
              <X>10.0</X>
              <Y>10.0</Y>
            </Point>
            <Point>
              <X>110.0</X>
              <Y>10.0</Y>
            </Point>
            <Point>
              <X>110.0</X>
              <Y>110.0</Y>
            </Point>
            <Point>
              <X>10.0</X>
              <Y>110.0</Y>
            </Point>
          </Polygon>
        </VideoObjectLocation>
        <VideoObjectLocation>
          <Visible>1</Visible>
          <Frame>6575</Frame>
          <AbsTime>219368.25975158374</AbsTime>
          <Label>write</Label>
          <Polygon>
            <Point>
              <X>10.0</X>
              <Y>10.0</Y>
            </Point>
            <Point>
              <X>110.0</X>
              <Y>10.0</Y>
            </Point>
            <Point>
              <X>110.0</X>
              <Y>110.0</Y>
            </Point>
            <Point>
              <X>10.0</X>
              <Y>110.0</Y>
            </Point>
          </Polygon>
        </VideoObjectLocation>
        <VideoObjectLocation>
          <Visible>1</Visible>
          <Frame>6638</Frame>
          <AbsTime>221470.1913659335</AbsTime>
          <Label>explain</Label>
          <Polygon>
            <Point>
              <X>10.0</X>
              <Y>10.0</Y>
            </Point>
            <Point>
              <X>110.0</X>
              <Y>10.0</Y>
            </Point>
            <Point>
              <X>110.0</X>
              <Y>110.0</Y>
            </Point>
            <Point>
              <X>10.0</X>
              <Y>110.0</Y>
            </Point>
          </Polygon>
        </VideoObjectLocation>
        <VideoObjectLocation>
          <Visible>1</Visible>
          <Frame>6675</Frame>
          <AbsTime>222704.6591394405</AbsTime>
          <Label>write</Label>
          <Polygon>
            <Point>
              <X>10.0</X>
              <Y>10.0</Y>
            </Point>
            <Point>
              <X>110.0</X>
              <Y>10.0</Y>
            </Point>
            <Point>
              <X>110.0</X>
              <Y>110.0</Y>
            </Point>
            <Point>
              <X>10.0</X>
              <Y>110.0</Y>
            </Point>
          </Polygon>
        </VideoObjectLocation>
        <VideoObjectLocation>
          <Visible>1</Visible>
          <Frame>6700</Frame>
          <AbsTime>223538.75898640472</AbsTime>
          <Label>explain</Label>
          <Polygon>
            <Point>
              <X>10.0</X>
              <Y>10.0</Y>
            </Point>
            <Point>
              <X>110.0</X>
              <Y>10.0</Y>
            </Point>
            <Point>
              <X>110.0</X>
              <Y>110.0</Y>
            </Point>
            <Point>
              <X>10.0</X>
              <Y>110.0</Y>
            </Point>
          </Polygon>
        </VideoObjectLocation>
        <VideoObjectLocation>
          <Visible>1</Visible>
          <Frame>6811</Frame>
          <AbsTime>227242.16230692575</AbsTime>
          <Label>write</Label>
          <Polygon>
            <Point>
              <X>10.0</X>
              <Y>10.0</Y>
            </Point>
            <Point>
              <X>110.0</X>
              <Y>10.0</Y>
            </Point>
            <Point>
              <X>110.0</X>
              <Y>110.0</Y>
            </Point>
            <Point>
              <X>10.0</X>
              <Y>110.0</Y>
            </Point>
          </Polygon>
        </VideoObjectLocation>
        <VideoObjectLocation>
          <Visible>1</Visible>
          <Frame>6859</Frame>
          <AbsTime>228843.634013097</AbsTime>
          <Label>explain</Label>
          <Polygon>
            <Point>
              <X>10.0</X>
              <Y>10.0</Y>
            </Point>
            <Point>
              <X>110.0</X>
              <Y>10.0</Y>
            </Point>
            <Point>
              <X>110.0</X>
              <Y>110.0</Y>
            </Point>
            <Point>
              <X>10.0</X>
              <Y>110.0</Y>
            </Point>
          </Polygon>
        </VideoObjectLocation>
        <VideoObjectLocation>
          <Visible>1</Visible>
          <Frame>7329</Frame>
          <AbsTime>244524.7111360239</AbsTime>
          <Label>write</Label>
          <Polygon>
            <Point>
              <X>10.0</X>
              <Y>10.0</Y>
            </Point>
            <Point>
              <X>110.0</X>
              <Y>10.0</Y>
            </Point>
            <Point>
              <X>110.0</X>
              <Y>110.0</Y>
            </Point>
            <Point>
              <X>10.0</X>
              <Y>110.0</Y>
            </Point>
          </Polygon>
        </VideoObjectLocation>
        <VideoObjectLocation>
          <Visible>1</Visible>
          <Frame>7411</Frame>
          <AbsTime>247260.55863406646</AbsTime>
          <Label>explain</Label>
          <Polygon>
            <Point>
              <X>10.0</X>
              <Y>10.0</Y>
            </Point>
            <Point>
              <X>110.0</X>
              <Y>10.0</Y>
            </Point>
            <Point>
              <X>110.0</X>
              <Y>110.0</Y>
            </Point>
            <Point>
              <X>10.0</X>
              <Y>110.0</Y>
            </Point>
          </Polygon>
        </VideoObjectLocation>
        <VideoObjectLocation>
          <Visible>1</Visible>
          <Frame>7460</Frame>
          <AbsTime>248895.3943341163</AbsTime>
          <Label>write</Label>
          <Polygon>
            <Point>
              <X>10.0</X>
              <Y>10.0</Y>
            </Point>
            <Point>
              <X>110.0</X>
              <Y>10.0</Y>
            </Point>
            <Point>
              <X>110.0</X>
              <Y>110.0</Y>
            </Point>
            <Point>
              <X>10.0</X>
              <Y>110.0</Y>
            </Point>
          </Polygon>
        </VideoObjectLocation>
        <VideoObjectLocation>
          <Visible>1</Visible>
          <Frame>7493</Frame>
          <AbsTime>249996.40613210903</AbsTime>
          <Label>explain</Label>
          <Polygon>
            <Point>
              <X>10.0</X>
              <Y>10.0</Y>
            </Point>
            <Point>
              <X>110.0</X>
              <Y>10.0</Y>
            </Point>
            <Point>
              <X>110.0</X>
              <Y>110.0</Y>
            </Point>
            <Point>
              <X>10.0</X>
              <Y>110.0</Y>
            </Point>
          </Polygon>
        </VideoObjectLocation>
        <VideoObjectLocation>
          <Visible>1</Visible>
          <Frame>7544</Frame>
          <AbsTime>251697.969819916</AbsTime>
          <Label>write</Label>
          <Polygon>
            <Point>
              <X>10.0</X>
              <Y>10.0</Y>
            </Point>
            <Point>
              <X>110.0</X>
              <Y>10.0</Y>
            </Point>
            <Point>
              <X>110.0</X>
              <Y>110.0</Y>
            </Point>
            <Point>
              <X>10.0</X>
              <Y>110.0</Y>
            </Point>
          </Polygon>
        </VideoObjectLocation>
        <VideoObjectLocation>
          <Visible>1</Visible>
          <Frame>7583</Frame>
          <AbsTime>252999.16558118013</AbsTime>
          <Label>explain</Label>
          <Polygon>
            <Point>
              <X>10.0</X>
              <Y>10.0</Y>
            </Point>
            <Point>
              <X>110.0</X>
              <Y>10.0</Y>
            </Point>
            <Point>
              <X>110.0</X>
              <Y>110.0</Y>
            </Point>
            <Point>
              <X>10.0</X>
              <Y>110.0</Y>
            </Point>
          </Polygon>
        </VideoObjectLocation>
        <VideoObjectLocation>
          <Visible>1</Visible>
          <Frame>7973</Frame>
          <AbsTime>266011.12319382164</AbsTime>
          <Label>write</Label>
          <Polygon>
            <Point>
              <X>10.0</X>
              <Y>10.0</Y>
            </Point>
            <Point>
              <X>110.0</X>
              <Y>10.0</Y>
            </Point>
            <Point>
              <X>110.0</X>
              <Y>110.0</Y>
            </Point>
            <Point>
              <X>10.0</X>
              <Y>110.0</Y>
            </Point>
          </Polygon>
        </VideoObjectLocation>
        <VideoObjectLocation>
          <Visible>1</Visible>
          <Frame>7985</Frame>
          <AbsTime>266411.4911203644</AbsTime>
          <Label>explain</Label>
          <Polygon>
            <Point>
              <X>10.0</X>
              <Y>10.0</Y>
            </Point>
            <Point>
              <X>110.0</X>
              <Y>10.0</Y>
            </Point>
            <Point>
              <X>110.0</X>
              <Y>110.0</Y>
            </Point>
            <Point>
              <X>10.0</X>
              <Y>110.0</Y>
            </Point>
          </Polygon>
        </VideoObjectLocation>
        <VideoObjectLocation>
          <Visible>1</Visible>
          <Frame>8039</Frame>
          <AbsTime>268213.14678980707</AbsTime>
          <Label>write</Label>
          <Polygon>
            <Point>
              <X>10.0</X>
              <Y>10.0</Y>
            </Point>
            <Point>
              <X>110.0</X>
              <Y>10.0</Y>
            </Point>
            <Point>
              <X>110.0</X>
              <Y>110.0</Y>
            </Point>
            <Point>
              <X>10.0</X>
              <Y>110.0</Y>
            </Point>
          </Polygon>
        </VideoObjectLocation>
        <VideoObjectLocation>
          <Visible>1</Visible>
          <Frame>8267</Frame>
          <AbsTime>275820.13739412057</AbsTime>
          <Label>explain</Label>
          <Polygon>
            <Point>
              <X>10.0</X>
              <Y>10.0</Y>
            </Point>
            <Point>
              <X>110.0</X>
              <Y>10.0</Y>
            </Point>
            <Point>
              <X>110.0</X>
              <Y>110.0</Y>
            </Point>
            <Point>
              <X>10.0</X>
              <Y>110.0</Y>
            </Point>
          </Polygon>
        </VideoObjectLocation>
        <VideoObjectLocation>
          <Visible>1</Visible>
          <Frame>8981</Frame>
          <AbsTime>299642.029023418</AbsTime>
          <Label>write</Label>
          <Polygon>
            <Point>
              <X>10.0</X>
              <Y>10.0</Y>
            </Point>
            <Point>
              <X>110.0</X>
              <Y>10.0</Y>
            </Point>
            <Point>
              <X>110.0</X>
              <Y>110.0</Y>
            </Point>
            <Point>
              <X>10.0</X>
              <Y>110.0</Y>
            </Point>
          </Polygon>
        </VideoObjectLocation>
        <VideoObjectLocation>
          <Visible>1</Visible>
          <Frame>9153</Frame>
          <AbsTime>305380.6359705317</AbsTime>
          <Label>explain</Label>
          <Polygon>
            <Point>
              <X>10.0</X>
              <Y>10.0</Y>
            </Point>
            <Point>
              <X>110.0</X>
              <Y>10.0</Y>
            </Point>
            <Point>
              <X>110.0</X>
              <Y>110.0</Y>
            </Point>
            <Point>
              <X>10.0</X>
              <Y>110.0</Y>
            </Point>
          </Polygon>
        </VideoObjectLocation>
        <VideoObjectLocation>
          <Visible>1</Visible>
          <Frame>9312</Frame>
          <AbsTime>310685.510997224</AbsTime>
          <Label>write</Label>
          <Polygon>
            <Point>
              <X>10.0</X>
              <Y>10.0</Y>
            </Point>
            <Point>
              <X>110.0</X>
              <Y>10.0</Y>
            </Point>
            <Point>
              <X>110.0</X>
              <Y>110.0</Y>
            </Point>
            <Point>
              <X>10.0</X>
              <Y>110.0</Y>
            </Point>
          </Polygon>
        </VideoObjectLocation>
        <VideoObjectLocation>
          <Visible>1</Visible>
          <Frame>9425</Frame>
          <AbsTime>314455.64230550214</AbsTime>
          <Label>explain</Label>
          <Polygon>
            <Point>
              <X>10.0</X>
              <Y>10.0</Y>
            </Point>
            <Point>
              <X>110.0</X>
              <Y>10.0</Y>
            </Point>
            <Point>
              <X>110.0</X>
              <Y>110.0</Y>
            </Point>
            <Point>
              <X>10.0</X>
              <Y>110.0</Y>
            </Point>
          </Polygon>
        </VideoObjectLocation>
        <VideoObjectLocation>
          <Visible>1</Visible>
          <Frame>9567</Frame>
          <AbsTime>319193.3294362588</AbsTime>
          <Label>write</Label>
          <Polygon>
            <Point>
              <X>10.0</X>
              <Y>10.0</Y>
            </Point>
            <Point>
              <X>110.0</X>
              <Y>10.0</Y>
            </Point>
            <Point>
              <X>110.0</X>
              <Y>110.0</Y>
            </Point>
            <Point>
              <X>10.0</X>
              <Y>110.0</Y>
            </Point>
          </Polygon>
        </VideoObjectLocation>
        <VideoObjectLocation>
          <Visible>1</Visible>
          <Frame>9797</Frame>
          <AbsTime>326867.0480283294</AbsTime>
          <Label>explain</Label>
          <Polygon>
            <Point>
              <X>10.0</X>
              <Y>10.0</Y>
            </Point>
            <Point>
              <X>110.0</X>
              <Y>10.0</Y>
            </Point>
            <Point>
              <X>110.0</X>
              <Y>110.0</Y>
            </Point>
            <Point>
              <X>10.0</X>
              <Y>110.0</Y>
            </Point>
          </Polygon>
        </VideoObjectLocation>
        <VideoObjectLocation>
          <Visible>1</Visible>
          <Frame>10012</Frame>
          <AbsTime>334040.30671222147</AbsTime>
          <Label>write</Label>
          <Polygon>
            <Point>
              <X>10.0</X>
              <Y>10.0</Y>
            </Point>
            <Point>
              <X>110.0</X>
              <Y>10.0</Y>
            </Point>
            <Point>
              <X>110.0</X>
              <Y>110.0</Y>
            </Point>
            <Point>
              <X>10.0</X>
              <Y>110.0</Y>
            </Point>
          </Polygon>
        </VideoObjectLocation>
        <VideoObjectLocation>
          <Visible>1</Visible>
          <Frame>10194</Frame>
          <AbsTime>340112.55359812087</AbsTime>
          <Label>explain</Label>
          <Polygon>
            <Point>
              <X>10.0</X>
              <Y>10.0</Y>
            </Point>
            <Point>
              <X>110.0</X>
              <Y>10.0</Y>
            </Point>
            <Point>
              <X>110.0</X>
              <Y>110.0</Y>
            </Point>
            <Point>
              <X>10.0</X>
              <Y>110.0</Y>
            </Point>
          </Polygon>
        </VideoObjectLocation>
        <VideoObjectLocation>
          <Visible>1</Visible>
          <Frame>10394</Frame>
          <AbsTime>346785.3523738344</AbsTime>
          <Label>write</Label>
          <Polygon>
            <Point>
              <X>10.0</X>
              <Y>10.0</Y>
            </Point>
            <Point>
              <X>110.0</X>
              <Y>10.0</Y>
            </Point>
            <Point>
              <X>110.0</X>
              <Y>110.0</Y>
            </Point>
            <Point>
              <X>10.0</X>
              <Y>110.0</Y>
            </Point>
          </Polygon>
        </VideoObjectLocation>
        <VideoObjectLocation>
          <Visible>1</Visible>
          <Frame>10489</Frame>
          <AbsTime>349954.9317922984</AbsTime>
          <Label>explain</Label>
          <Polygon>
            <Point>
              <X>10.0</X>
              <Y>10.0</Y>
            </Point>
            <Point>
              <X>110.0</X>
              <Y>10.0</Y>
            </Point>
            <Point>
              <X>110.0</X>
              <Y>110.0</Y>
            </Point>
            <Point>
              <X>10.0</X>
              <Y>110.0</Y>
            </Point>
          </Polygon>
        </VideoObjectLocation>
        <VideoObjectLocation>
          <Visible>1</Visible>
          <Frame>10542</Frame>
          <AbsTime>351723.22346786247</AbsTime>
          <Label>write</Label>
          <Polygon>
            <Point>
              <X>10.0</X>
              <Y>10.0</Y>
            </Point>
            <Point>
              <X>110.0</X>
              <Y>10.0</Y>
            </Point>
            <Point>
              <X>110.0</X>
              <Y>110.0</Y>
            </Point>
            <Point>
              <X>10.0</X>
              <Y>110.0</Y>
            </Point>
          </Polygon>
        </VideoObjectLocation>
        <VideoObjectLocation>
          <Visible>1</Visible>
          <Frame>10622</Frame>
          <AbsTime>354392.3429781479</AbsTime>
          <Label>explain</Label>
          <Polygon>
            <Point>
              <X>10.0</X>
              <Y>10.0</Y>
            </Point>
            <Point>
              <X>110.0</X>
              <Y>10.0</Y>
            </Point>
            <Point>
              <X>110.0</X>
              <Y>110.0</Y>
            </Point>
            <Point>
              <X>10.0</X>
              <Y>110.0</Y>
            </Point>
          </Polygon>
        </VideoObjectLocation>
        <VideoObjectLocation>
          <Visible>1</Visible>
          <Frame>10959</Frame>
          <AbsTime>365636.0089152253</AbsTime>
          <Label>write</Label>
          <Polygon>
            <Point>
              <X>10.0</X>
              <Y>10.0</Y>
            </Point>
            <Point>
              <X>110.0</X>
              <Y>10.0</Y>
            </Point>
            <Point>
              <X>110.0</X>
              <Y>110.0</Y>
            </Point>
            <Point>
              <X>10.0</X>
              <Y>110.0</Y>
            </Point>
          </Polygon>
        </VideoObjectLocation>
        <VideoObjectLocation>
          <Visible>1</Visible>
          <Frame>11023</Frame>
          <AbsTime>367771.3045234536</AbsTime>
          <Label>explain</Label>
          <Polygon>
            <Point>
              <X>10.0</X>
              <Y>10.0</Y>
            </Point>
            <Point>
              <X>110.0</X>
              <Y>10.0</Y>
            </Point>
            <Point>
              <X>110.0</X>
              <Y>110.0</Y>
            </Point>
            <Point>
              <X>10.0</X>
              <Y>110.0</Y>
            </Point>
          </Polygon>
        </VideoObjectLocation>
        <VideoObjectLocation>
          <Visible>1</Visible>
          <Frame>11071</Frame>
          <AbsTime>369372.77622962487</AbsTime>
          <Label>write</Label>
          <Polygon>
            <Point>
              <X>10.0</X>
              <Y>10.0</Y>
            </Point>
            <Point>
              <X>110.0</X>
              <Y>10.0</Y>
            </Point>
            <Point>
              <X>110.0</X>
              <Y>110.0</Y>
            </Point>
            <Point>
              <X>10.0</X>
              <Y>110.0</Y>
            </Point>
          </Polygon>
        </VideoObjectLocation>
        <VideoObjectLocation>
          <Visible>1</Visible>
          <Frame>11161</Frame>
          <AbsTime>372375.535678696</AbsTime>
          <Label>explain</Label>
          <Polygon>
            <Point>
              <X>10.0</X>
              <Y>10.0</Y>
            </Point>
            <Point>
              <X>110.0</X>
              <Y>10.0</Y>
            </Point>
            <Point>
              <X>110.0</X>
              <Y>110.0</Y>
            </Point>
            <Point>
              <X>10.0</X>
              <Y>110.0</Y>
            </Point>
          </Polygon>
        </VideoObjectLocation>
        <VideoObjectLocation>
          <Visible>1</Visible>
          <Frame>11249</Frame>
          <AbsTime>375311.56714000995</AbsTime>
          <Label>write</Label>
          <Polygon>
            <Point>
              <X>10.0</X>
              <Y>10.0</Y>
            </Point>
            <Point>
              <X>110.0</X>
              <Y>10.0</Y>
            </Point>
            <Point>
              <X>110.0</X>
              <Y>110.0</Y>
            </Point>
            <Point>
              <X>10.0</X>
              <Y>110.0</Y>
            </Point>
          </Polygon>
        </VideoObjectLocation>
        <VideoObjectLocation>
          <Visible>1</Visible>
          <Frame>11349</Frame>
          <AbsTime>378647.9665278667</AbsTime>
          <Label>explain</Label>
          <Polygon>
            <Point>
              <X>10.0</X>
              <Y>10.0</Y>
            </Point>
            <Point>
              <X>110.0</X>
              <Y>10.0</Y>
            </Point>
            <Point>
              <X>110.0</X>
              <Y>110.0</Y>
            </Point>
            <Point>
              <X>10.0</X>
              <Y>110.0</Y>
            </Point>
          </Polygon>
        </VideoObjectLocation>
        <VideoObjectLocation>
          <Visible>1</Visible>
          <Frame>11403</Frame>
          <AbsTime>380449.6221973094</AbsTime>
          <Label>write</Label>
          <Polygon>
            <Point>
              <X>10.0</X>
              <Y>10.0</Y>
            </Point>
            <Point>
              <X>110.0</X>
              <Y>10.0</Y>
            </Point>
            <Point>
              <X>110.0</X>
              <Y>110.0</Y>
            </Point>
            <Point>
              <X>10.0</X>
              <Y>110.0</Y>
            </Point>
          </Polygon>
        </VideoObjectLocation>
        <VideoObjectLocation>
          <Visible>1</Visible>
          <Frame>11470</Frame>
          <AbsTime>382685.0097871735</AbsTime>
          <Label>emphasize</Label>
          <Polygon>
            <Point>
              <X>10.0</X>
              <Y>10.0</Y>
            </Point>
            <Point>
              <X>110.0</X>
              <Y>10.0</Y>
            </Point>
            <Point>
              <X>110.0</X>
              <Y>110.0</Y>
            </Point>
            <Point>
              <X>10.0</X>
              <Y>110.0</Y>
            </Point>
          </Polygon>
        </VideoObjectLocation>
        <VideoObjectLocation>
          <Visible>1</Visible>
          <Frame>11486</Frame>
          <AbsTime>383218.83368923055</AbsTime>
          <Label>explain</Label>
          <Polygon>
            <Point>
              <X>10.0</X>
              <Y>10.0</Y>
            </Point>
            <Point>
              <X>110.0</X>
              <Y>10.0</Y>
            </Point>
            <Point>
              <X>110.0</X>
              <Y>110.0</Y>
            </Point>
            <Point>
              <X>10.0</X>
              <Y>110.0</Y>
            </Point>
          </Polygon>
        </VideoObjectLocation>
    </VideoObjectLocations>
  </VideoObject>
  </VideoObjects>
  <VideoSegments>
    <VideoSegment>
        <Start>0</Start>
        <End>12447</End>
    </VideoSegment>
    <VideoSegment>
        <Start>12447</Start>
        <End>12488</End>
    </VideoSegment>
  </VideoSegments>
  <VideoKeyFrames>
    <VideoKeyFrame>
       <Index>12384</Index>
    </VideoKeyFrame>
    <VideoKeyFrame>
       <Index>12477</Index>
    </VideoKeyFrame>
  </VideoKeyFrames>
</Annotations>
