<Annotations>
  <Database>LectureMath</Database>
  <Lecture>00012_018_032</Lecture>
  <Filename>whiteboards_2020/output/annotations/LectureMath_00012_018_032.xml</Filename>
  <VideoFiles>
     <VideoFile>whiteboards_2020/videos/00012_018_032.mp4</VideoFile>
  </VideoFiles>
  <DrawingInfo>
     <Canvas>
         <X>10.0</X>
         <Y>60.0</Y>
         <W>1040.0</W>
         <H>620.0</H>
     </Canvas>
     <Player>
         <ControlArea>
             <X>50.0</X>
             <Y>100.0</Y>
             <W>960.0</W>
             <H>540.0</H>
         </ControlArea>
         <RenderArea>
             <X>50.0</X>
             <Y>100.0</Y>
             <W>960.0</W>
             <H>540.0</H>
         </RenderArea>
     </Player>
  </DrawingInfo>
  <VideoObjects>
  <VideoObject>
    <Id>speaker</Id>
    <Name>speaker</Name>
    <Shape>0</Shape>
    <VideoObjectLocations>
        <VideoObjectLocation>
          <Visible>1</Visible>
          <Frame>0</Frame>
          <AbsTime>-1.1641532182693481e-10</AbsTime>
          <Label>explain</Label>
          <Polygon>
            <Point>
              <X>10.0</X>
              <Y>10.0</Y>
            </Point>
            <Point>
              <X>110.0</X>
              <Y>10.0</Y>
            </Point>
            <Point>
              <X>110.0</X>
              <Y>110.0</Y>
            </Point>
            <Point>
              <X>10.0</X>
              <Y>110.0</Y>
            </Point>
          </Polygon>
        </VideoObjectLocation>
        <VideoObjectLocation>
          <Visible>1</Visible>
          <Frame>507</Frame>
          <AbsTime>16916.11853921342</AbsTime>
          <Label>fingererase</Label>
          <Polygon>
            <Point>
              <X>10.0</X>
              <Y>10.0</Y>
            </Point>
            <Point>
              <X>110.0</X>
              <Y>10.0</Y>
            </Point>
            <Point>
              <X>110.0</X>
              <Y>110.0</Y>
            </Point>
            <Point>
              <X>10.0</X>
              <Y>110.0</Y>
            </Point>
          </Polygon>
        </VideoObjectLocation>
        <VideoObjectLocation>
          <Visible>1</Visible>
          <Frame>621</Frame>
          <AbsTime>20719.742826137153</AbsTime>
          <Label>write</Label>
          <Polygon>
            <Point>
              <X>10.0</X>
              <Y>10.0</Y>
            </Point>
            <Point>
              <X>110.0</X>
              <Y>10.0</Y>
            </Point>
            <Point>
              <X>110.0</X>
              <Y>110.0</Y>
            </Point>
            <Point>
              <X>10.0</X>
              <Y>110.0</Y>
            </Point>
          </Polygon>
        </VideoObjectLocation>
        <VideoObjectLocation>
          <Visible>1</Visible>
          <Frame>840</Frame>
          <AbsTime>28043.954725100968</AbsTime>
          <Label>explain</Label>
          <Polygon>
            <Point>
              <X>10.0</X>
              <Y>10.0</Y>
            </Point>
            <Point>
              <X>110.0</X>
              <Y>10.0</Y>
            </Point>
            <Point>
              <X>110.0</X>
              <Y>110.0</Y>
            </Point>
            <Point>
              <X>10.0</X>
              <Y>110.0</Y>
            </Point>
          </Polygon>
        </VideoObjectLocation>
        <VideoObjectLocation>
          <Visible>1</Visible>
          <Frame>1737</Frame>
          <AbsTime>57955.22268760102</AbsTime>
          <Label>write</Label>
          <Polygon>
            <Point>
              <X>10.0</X>
              <Y>10.0</Y>
            </Point>
            <Point>
              <X>110.0</X>
              <Y>10.0</Y>
            </Point>
            <Point>
              <X>110.0</X>
              <Y>110.0</Y>
            </Point>
            <Point>
              <X>10.0</X>
              <Y>110.0</Y>
            </Point>
          </Polygon>
        </VideoObjectLocation>
        <VideoObjectLocation>
          <Visible>1</Visible>
          <Frame>1798</Frame>
          <AbsTime>59990.49533235845</AbsTime>
          <Label>explain</Label>
          <Polygon>
            <Point>
              <X>10.0</X>
              <Y>10.0</Y>
            </Point>
            <Point>
              <X>110.0</X>
              <Y>10.0</Y>
            </Point>
            <Point>
              <X>110.0</X>
              <Y>110.0</Y>
            </Point>
            <Point>
              <X>10.0</X>
              <Y>110.0</Y>
            </Point>
          </Polygon>
        </VideoObjectLocation>
        <VideoObjectLocation>
          <Visible>1</Visible>
          <Frame>1885</Frame>
          <AbsTime>62893.26123553709</AbsTime>
          <Label>write</Label>
          <Polygon>
            <Point>
              <X>10.0</X>
              <Y>10.0</Y>
            </Point>
            <Point>
              <X>110.0</X>
              <Y>10.0</Y>
            </Point>
            <Point>
              <X>110.0</X>
              <Y>110.0</Y>
            </Point>
            <Point>
              <X>10.0</X>
              <Y>110.0</Y>
            </Point>
          </Polygon>
        </VideoObjectLocation>
        <VideoObjectLocation>
          <Visible>1</Visible>
          <Frame>2028</Frame>
          <AbsTime>67664.4741568537</AbsTime>
          <Label>explain</Label>
          <Polygon>
            <Point>
              <X>10.0</X>
              <Y>10.0</Y>
            </Point>
            <Point>
              <X>110.0</X>
              <Y>10.0</Y>
            </Point>
            <Point>
              <X>110.0</X>
              <Y>110.0</Y>
            </Point>
            <Point>
              <X>10.0</X>
              <Y>110.0</Y>
            </Point>
          </Polygon>
        </VideoObjectLocation>
        <VideoObjectLocation>
          <Visible>1</Visible>
          <Frame>2134</Frame>
          <AbsTime>71201.17744118629</AbsTime>
          <Label>write</Label>
          <Polygon>
            <Point>
              <X>10.0</X>
              <Y>10.0</Y>
            </Point>
            <Point>
              <X>110.0</X>
              <Y>10.0</Y>
            </Point>
            <Point>
              <X>110.0</X>
              <Y>110.0</Y>
            </Point>
            <Point>
              <X>10.0</X>
              <Y>110.0</Y>
            </Point>
          </Polygon>
        </VideoObjectLocation>
        <VideoObjectLocation>
          <Visible>1</Visible>
          <Frame>2335</Frame>
          <AbsTime>77907.56763128865</AbsTime>
          <Label>explain</Label>
          <Polygon>
            <Point>
              <X>10.0</X>
              <Y>10.0</Y>
            </Point>
            <Point>
              <X>110.0</X>
              <Y>10.0</Y>
            </Point>
            <Point>
              <X>110.0</X>
              <Y>110.0</Y>
            </Point>
            <Point>
              <X>10.0</X>
              <Y>110.0</Y>
            </Point>
          </Polygon>
        </VideoObjectLocation>
        <VideoObjectLocation>
          <Visible>1</Visible>
          <Frame>2851</Frame>
          <AbsTime>95123.9722984171</AbsTime>
          <Label>write</Label>
          <Polygon>
            <Point>
              <X>10.0</X>
              <Y>10.0</Y>
            </Point>
            <Point>
              <X>110.0</X>
              <Y>10.0</Y>
            </Point>
            <Point>
              <X>110.0</X>
              <Y>110.0</Y>
            </Point>
            <Point>
              <X>10.0</X>
              <Y>110.0</Y>
            </Point>
          </Polygon>
        </VideoObjectLocation>
        <VideoObjectLocation>
          <Visible>1</Visible>
          <Frame>3047</Frame>
          <AbsTime>101663.53686190001</AbsTime>
          <Label>explain</Label>
          <Polygon>
            <Point>
              <X>10.0</X>
              <Y>10.0</Y>
            </Point>
            <Point>
              <X>110.0</X>
              <Y>10.0</Y>
            </Point>
            <Point>
              <X>110.0</X>
              <Y>110.0</Y>
            </Point>
            <Point>
              <X>10.0</X>
              <Y>110.0</Y>
            </Point>
          </Polygon>
        </VideoObjectLocation>
        <VideoObjectLocation>
          <Visible>1</Visible>
          <Frame>3156</Frame>
          <AbsTime>105300.33552220427</AbsTime>
          <Label>write</Label>
          <Polygon>
            <Point>
              <X>10.0</X>
              <Y>10.0</Y>
            </Point>
            <Point>
              <X>110.0</X>
              <Y>10.0</Y>
            </Point>
            <Point>
              <X>110.0</X>
              <Y>110.0</Y>
            </Point>
            <Point>
              <X>10.0</X>
              <Y>110.0</Y>
            </Point>
          </Polygon>
        </VideoObjectLocation>
        <VideoObjectLocation>
          <Visible>1</Visible>
          <Frame>3510</Frame>
          <AbsTime>117111.58988686216</AbsTime>
          <Label>explain</Label>
          <Polygon>
            <Point>
              <X>10.0</X>
              <Y>10.0</Y>
            </Point>
            <Point>
              <X>110.0</X>
              <Y>10.0</Y>
            </Point>
            <Point>
              <X>110.0</X>
              <Y>110.0</Y>
            </Point>
            <Point>
              <X>10.0</X>
              <Y>110.0</Y>
            </Point>
          </Polygon>
        </VideoObjectLocation>
        <VideoObjectLocation>
          <Visible>1</Visible>
          <Frame>3614</Frame>
          <AbsTime>120581.56292054696</AbsTime>
          <Label>write</Label>
          <Polygon>
            <Point>
              <X>10.0</X>
              <Y>10.0</Y>
            </Point>
            <Point>
              <X>110.0</X>
              <Y>10.0</Y>
            </Point>
            <Point>
              <X>110.0</X>
              <Y>110.0</Y>
            </Point>
            <Point>
              <X>10.0</X>
              <Y>110.0</Y>
            </Point>
          </Polygon>
        </VideoObjectLocation>
        <VideoObjectLocation>
          <Visible>1</Visible>
          <Frame>3884</Frame>
          <AbsTime>129594.78192500271</AbsTime>
          <Label>explain</Label>
          <Polygon>
            <Point>
              <X>10.0</X>
              <Y>10.0</Y>
            </Point>
            <Point>
              <X>110.0</X>
              <Y>10.0</Y>
            </Point>
            <Point>
              <X>110.0</X>
              <Y>110.0</Y>
            </Point>
            <Point>
              <X>10.0</X>
              <Y>110.0</Y>
            </Point>
          </Polygon>
        </VideoObjectLocation>
        <VideoObjectLocation>
          <Visible>1</Visible>
          <Frame>4847</Frame>
          <AbsTime>161720.76244490623</AbsTime>
          <Label>write</Label>
          <Polygon>
            <Point>
              <X>10.0</X>
              <Y>10.0</Y>
            </Point>
            <Point>
              <X>110.0</X>
              <Y>10.0</Y>
            </Point>
            <Point>
              <X>110.0</X>
              <Y>110.0</Y>
            </Point>
            <Point>
              <X>10.0</X>
              <Y>110.0</Y>
            </Point>
          </Polygon>
        </VideoObjectLocation>
        <VideoObjectLocation>
          <Visible>1</Visible>
          <Frame>5014</Frame>
          <AbsTime>167292.73837399625</AbsTime>
          <Label>explain</Label>
          <Polygon>
            <Point>
              <X>10.0</X>
              <Y>10.0</Y>
            </Point>
            <Point>
              <X>110.0</X>
              <Y>10.0</Y>
            </Point>
            <Point>
              <X>110.0</X>
              <Y>110.0</Y>
            </Point>
            <Point>
              <X>10.0</X>
              <Y>110.0</Y>
            </Point>
          </Polygon>
        </VideoObjectLocation>
        <VideoObjectLocation>
          <Visible>1</Visible>
          <Frame>5200</Frame>
          <AbsTime>173498.65168424023</AbsTime>
          <Label>fingererase</Label>
          <Polygon>
            <Point>
              <X>10.0</X>
              <Y>10.0</Y>
            </Point>
            <Point>
              <X>110.0</X>
              <Y>10.0</Y>
            </Point>
            <Point>
              <X>110.0</X>
              <Y>110.0</Y>
            </Point>
            <Point>
              <X>10.0</X>
              <Y>110.0</Y>
            </Point>
          </Polygon>
        </VideoObjectLocation>
        <VideoObjectLocation>
          <Visible>1</Visible>
          <Frame>5265</Frame>
          <AbsTime>175667.38483029325</AbsTime>
          <Label>write</Label>
          <Polygon>
            <Point>
              <X>10.0</X>
              <Y>10.0</Y>
            </Point>
            <Point>
              <X>110.0</X>
              <Y>10.0</Y>
            </Point>
            <Point>
              <X>110.0</X>
              <Y>110.0</Y>
            </Point>
            <Point>
              <X>10.0</X>
              <Y>110.0</Y>
            </Point>
          </Polygon>
        </VideoObjectLocation>
        <VideoObjectLocation>
          <Visible>1</Visible>
          <Frame>5284</Frame>
          <AbsTime>176301.3222114472</AbsTime>
          <Label>fingererase</Label>
          <Polygon>
            <Point>
              <X>10.0</X>
              <Y>10.0</Y>
            </Point>
            <Point>
              <X>110.0</X>
              <Y>10.0</Y>
            </Point>
            <Point>
              <X>110.0</X>
              <Y>110.0</Y>
            </Point>
            <Point>
              <X>10.0</X>
              <Y>110.0</Y>
            </Point>
          </Polygon>
        </VideoObjectLocation>
        <VideoObjectLocation>
          <Visible>1</Visible>
          <Frame>5297</Frame>
          <AbsTime>176735.06884065777</AbsTime>
          <Label>handerase</Label>
          <Polygon>
            <Point>
              <X>10.0</X>
              <Y>10.0</Y>
            </Point>
            <Point>
              <X>110.00000000000001</X>
              <Y>10.0</Y>
            </Point>
            <Point>
              <X>110.00000000000001</X>
              <Y>110.00000000000001</Y>
            </Point>
            <Point>
              <X>10.0</X>
              <Y>110.00000000000001</Y>
            </Point>
          </Polygon>
        </VideoObjectLocation>
        <VideoObjectLocation>
          <Visible>1</Visible>
          <Frame>5353</Frame>
          <AbsTime>178603.51585879578</AbsTime>
          <Label>write</Label>
          <Polygon>
            <Point>
              <X>10.0</X>
              <Y>10.0</Y>
            </Point>
            <Point>
              <X>110.0</X>
              <Y>10.0</Y>
            </Point>
            <Point>
              <X>110.0</X>
              <Y>110.0</Y>
            </Point>
            <Point>
              <X>10.0</X>
              <Y>110.0</Y>
            </Point>
          </Polygon>
        </VideoObjectLocation>
        <VideoObjectLocation>
          <Visible>1</Visible>
          <Frame>5394</Frame>
          <AbsTime>179971.48599707536</AbsTime>
          <Label>fingererase</Label>
          <Polygon>
            <Point>
              <X>10.0</X>
              <Y>10.0</Y>
            </Point>
            <Point>
              <X>110.0</X>
              <Y>10.0</Y>
            </Point>
            <Point>
              <X>110.0</X>
              <Y>110.0</Y>
            </Point>
            <Point>
              <X>10.0</X>
              <Y>110.0</Y>
            </Point>
          </Polygon>
        </VideoObjectLocation>
        <VideoObjectLocation>
          <Visible>1</Visible>
          <Frame>5492</Frame>
          <AbsTime>183241.2682788168</AbsTime>
          <Label>write</Label>
          <Polygon>
            <Point>
              <X>10.0</X>
              <Y>10.0</Y>
            </Point>
            <Point>
              <X>110.0</X>
              <Y>10.0</Y>
            </Point>
            <Point>
              <X>110.0</X>
              <Y>110.0</Y>
            </Point>
            <Point>
              <X>10.0</X>
              <Y>110.0</Y>
            </Point>
          </Polygon>
        </VideoObjectLocation>
        <VideoObjectLocation>
          <Visible>1</Visible>
          <Frame>5554</Frame>
          <AbsTime>185309.90604889812</AbsTime>
          <Label>explain</Label>
          <Polygon>
            <Point>
              <X>10.0</X>
              <Y>10.0</Y>
            </Point>
            <Point>
              <X>110.0</X>
              <Y>10.0</Y>
            </Point>
            <Point>
              <X>110.0</X>
              <Y>110.0</Y>
            </Point>
            <Point>
              <X>10.0</X>
              <Y>110.0</Y>
            </Point>
          </Polygon>
        </VideoObjectLocation>
        <VideoObjectLocation>
          <Visible>1</Visible>
          <Frame>5825</Frame>
          <AbsTime>194351.85501167295</AbsTime>
          <Label>fingererase</Label>
          <Polygon>
            <Point>
              <X>10.0</X>
              <Y>10.0</Y>
            </Point>
            <Point>
              <X>110.0</X>
              <Y>10.0</Y>
            </Point>
            <Point>
              <X>110.0</X>
              <Y>110.0</Y>
            </Point>
            <Point>
              <X>10.0</X>
              <Y>110.0</Y>
            </Point>
          </Polygon>
        </VideoObjectLocation>
        <VideoObjectLocation>
          <Visible>1</Visible>
          <Frame>5894</Frame>
          <AbsTime>196654.04865902153</AbsTime>
          <Label>explain</Label>
          <Polygon>
            <Point>
              <X>10.0</X>
              <Y>10.0</Y>
            </Point>
            <Point>
              <X>110.0</X>
              <Y>10.0</Y>
            </Point>
            <Point>
              <X>110.0</X>
              <Y>110.0</Y>
            </Point>
            <Point>
              <X>10.0</X>
              <Y>110.0</Y>
            </Point>
          </Polygon>
        </VideoObjectLocation>
        <VideoObjectLocation>
          <Visible>1</Visible>
          <Frame>6091</Frame>
          <AbsTime>203226.97834782832</AbsTime>
          <Label>write</Label>
          <Polygon>
            <Point>
              <X>10.0</X>
              <Y>10.0</Y>
            </Point>
            <Point>
              <X>110.0</X>
              <Y>10.0</Y>
            </Point>
            <Point>
              <X>110.0</X>
              <Y>110.0</Y>
            </Point>
            <Point>
              <X>10.0</X>
              <Y>110.0</Y>
            </Point>
          </Polygon>
        </VideoObjectLocation>
        <VideoObjectLocation>
          <Visible>1</Visible>
          <Frame>6156</Frame>
          <AbsTime>205395.71149388133</AbsTime>
          <Label>explain</Label>
          <Polygon>
            <Point>
              <X>10.0</X>
              <Y>10.0</Y>
            </Point>
            <Point>
              <X>110.0</X>
              <Y>10.0</Y>
            </Point>
            <Point>
              <X>110.0</X>
              <Y>110.0</Y>
            </Point>
            <Point>
              <X>10.0</X>
              <Y>110.0</Y>
            </Point>
          </Polygon>
        </VideoObjectLocation>
        <VideoObjectLocation>
          <Visible>1</Visible>
          <Frame>6260</Frame>
          <AbsTime>208884.60727024963</AbsTime>
          <Label>write</Label>
          <Polygon>
            <Point>
              <X>10.0</X>
              <Y>10.0</Y>
            </Point>
            <Point>
              <X>110.0</X>
              <Y>10.0</Y>
            </Point>
            <Point>
              <X>110.0</X>
              <Y>110.0</Y>
            </Point>
            <Point>
              <X>10.0</X>
              <Y>110.0</Y>
            </Point>
          </Polygon>
        </VideoObjectLocation>
        <VideoObjectLocation>
          <Visible>1</Visible>
          <Frame>6391</Frame>
          <AbsTime>213236.51594499603</AbsTime>
          <Label>explain</Label>
          <Polygon>
            <Point>
              <X>10.0</X>
              <Y>10.0</Y>
            </Point>
            <Point>
              <X>110.0</X>
              <Y>10.0</Y>
            </Point>
            <Point>
              <X>110.0</X>
              <Y>110.0</Y>
            </Point>
            <Point>
              <X>10.0</X>
              <Y>110.0</Y>
            </Point>
          </Polygon>
        </VideoObjectLocation>
        <VideoObjectLocation>
          <Visible>1</Visible>
          <Frame>6794</Frame>
          <AbsTime>226699.15174936727</AbsTime>
          <Label>write</Label>
          <Polygon>
            <Point>
              <X>10.0</X>
              <Y>10.0</Y>
            </Point>
            <Point>
              <X>110.0</X>
              <Y>10.0</Y>
            </Point>
            <Point>
              <X>110.0</X>
              <Y>110.0</Y>
            </Point>
            <Point>
              <X>10.0</X>
              <Y>110.0</Y>
            </Point>
          </Polygon>
        </VideoObjectLocation>
        <VideoObjectLocation>
          <Visible>1</Visible>
          <Frame>7425</Frame>
          <AbsTime>247746.0954586813</AbsTime>
          <Label>explain</Label>
          <Polygon>
            <Point>
              <X>10.0</X>
              <Y>10.0</Y>
            </Point>
            <Point>
              <X>110.0</X>
              <Y>10.0</Y>
            </Point>
            <Point>
              <X>110.0</X>
              <Y>110.0</Y>
            </Point>
            <Point>
              <X>10.0</X>
              <Y>110.0</Y>
            </Point>
          </Polygon>
        </VideoObjectLocation>
        <VideoObjectLocation>
          <Visible>1</Visible>
          <Frame>7493</Frame>
          <AbsTime>250008.40691726893</AbsTime>
          <Label>write</Label>
          <Polygon>
            <Point>
              <X>10.0</X>
              <Y>10.0</Y>
            </Point>
            <Point>
              <X>110.0</X>
              <Y>10.0</Y>
            </Point>
            <Point>
              <X>110.0</X>
              <Y>110.0</Y>
            </Point>
            <Point>
              <X>10.0</X>
              <Y>110.0</Y>
            </Point>
          </Polygon>
        </VideoObjectLocation>
        <VideoObjectLocation>
          <Visible>1</Visible>
          <Frame>7812</Frame>
          <AbsTime>260648.35903024705</AbsTime>
          <Label>explain</Label>
          <Polygon>
            <Point>
              <X>10.0</X>
              <Y>10.0</Y>
            </Point>
            <Point>
              <X>110.0</X>
              <Y>10.0</Y>
            </Point>
            <Point>
              <X>110.0</X>
              <Y>110.0</Y>
            </Point>
            <Point>
              <X>10.0</X>
              <Y>110.0</Y>
            </Point>
          </Polygon>
        </VideoObjectLocation>
        <VideoObjectLocation>
          <Visible>1</Visible>
          <Frame>8546</Frame>
          <AbsTime>285138.36101798405</AbsTime>
          <Label>write</Label>
          <Polygon>
            <Point>
              <X>10.0</X>
              <Y>10.0</Y>
            </Point>
            <Point>
              <X>110.0</X>
              <Y>10.0</Y>
            </Point>
            <Point>
              <X>110.0</X>
              <Y>110.0</Y>
            </Point>
            <Point>
              <X>10.0</X>
              <Y>110.0</Y>
            </Point>
          </Polygon>
        </VideoObjectLocation>
        <VideoObjectLocation>
          <Visible>1</Visible>
          <Frame>8704</Frame>
          <AbsTime>290410.050819159</AbsTime>
          <Label>explain</Label>
          <Polygon>
            <Point>
              <X>10.0</X>
              <Y>10.0</Y>
            </Point>
            <Point>
              <X>110.0</X>
              <Y>10.0</Y>
            </Point>
            <Point>
              <X>110.0</X>
              <Y>110.0</Y>
            </Point>
            <Point>
              <X>10.0</X>
              <Y>110.0</Y>
            </Point>
          </Polygon>
        </VideoObjectLocation>
        <VideoObjectLocation>
          <Visible>1</Visible>
          <Frame>8806</Frame>
          <AbsTime>293813.29360219603</AbsTime>
          <Label>fingererase</Label>
          <Polygon>
            <Point>
              <X>10.0</X>
              <Y>10.0</Y>
            </Point>
            <Point>
              <X>110.0</X>
              <Y>10.0</Y>
            </Point>
            <Point>
              <X>110.0</X>
              <Y>110.0</Y>
            </Point>
            <Point>
              <X>10.0</X>
              <Y>110.0</Y>
            </Point>
          </Polygon>
        </VideoObjectLocation>
        <VideoObjectLocation>
          <Visible>1</Visible>
          <Frame>8932</Frame>
          <AbsTime>298023.756274984</AbsTime>
          <Label>write</Label>
          <Polygon>
            <Point>
              <X>10.0</X>
              <Y>10.0</Y>
            </Point>
            <Point>
              <X>110.0</X>
              <Y>10.0</Y>
            </Point>
            <Point>
              <X>110.0</X>
              <Y>110.0</Y>
            </Point>
            <Point>
              <X>10.0</X>
              <Y>110.0</Y>
            </Point>
          </Polygon>
        </VideoObjectLocation>
        <VideoObjectLocation>
          <Visible>1</Visible>
          <Frame>9005</Frame>
          <AbsTime>300479.87047969387</AbsTime>
          <Label>fingererase</Label>
          <Polygon>
            <Point>
              <X>10.0</X>
              <Y>10.0</Y>
            </Point>
            <Point>
              <X>110.0</X>
              <Y>10.0</Y>
            </Point>
            <Point>
              <X>110.0</X>
              <Y>110.0</Y>
            </Point>
            <Point>
              <X>10.0</X>
              <Y>110.0</Y>
            </Point>
          </Polygon>
        </VideoObjectLocation>
        <VideoObjectLocation>
          <Visible>1</Visible>
          <Frame>9093</Frame>
          <AbsTime>303403.60740958736</AbsTime>
          <Label>write</Label>
          <Polygon>
            <Point>
              <X>10.0</X>
              <Y>10.0</Y>
            </Point>
            <Point>
              <X>110.0</X>
              <Y>10.0</Y>
            </Point>
            <Point>
              <X>110.0</X>
              <Y>110.0</Y>
            </Point>
            <Point>
              <X>10.0</X>
              <Y>110.0</Y>
            </Point>
          </Polygon>
        </VideoObjectLocation>
        <VideoObjectLocation>
          <Visible>1</Visible>
          <Frame>9212</Frame>
          <AbsTime>307364.3908349394</AbsTime>
          <Label>fingererase</Label>
          <Polygon>
            <Point>
              <X>10.0</X>
              <Y>10.0</Y>
            </Point>
            <Point>
              <X>110.0</X>
              <Y>10.0</Y>
            </Point>
            <Point>
              <X>110.0</X>
              <Y>110.0</Y>
            </Point>
            <Point>
              <X>10.0</X>
              <Y>110.0</Y>
            </Point>
          </Polygon>
        </VideoObjectLocation>
        <VideoObjectLocation>
          <Visible>1</Visible>
          <Frame>9359</Frame>
          <AbsTime>312278.24126161326</AbsTime>
          <Label>write</Label>
          <Polygon>
            <Point>
              <X>10.0</X>
              <Y>10.0</Y>
            </Point>
            <Point>
              <X>110.0</X>
              <Y>10.0</Y>
            </Point>
            <Point>
              <X>110.0</X>
              <Y>110.0</Y>
            </Point>
            <Point>
              <X>10.0</X>
              <Y>110.0</Y>
            </Point>
          </Polygon>
        </VideoObjectLocation>
        <VideoObjectLocation>
          <Visible>1</Visible>
          <Frame>9443</Frame>
          <AbsTime>315086.5654403608</AbsTime>
          <Label>fingererase</Label>
          <Polygon>
            <Point>
              <X>10.0</X>
              <Y>10.0</Y>
            </Point>
            <Point>
              <X>110.0</X>
              <Y>10.0</Y>
            </Point>
            <Point>
              <X>110.0</X>
              <Y>110.0</Y>
            </Point>
            <Point>
              <X>10.0</X>
              <Y>110.0</Y>
            </Point>
          </Polygon>
        </VideoObjectLocation>
        <VideoObjectLocation>
          <Visible>1</Visible>
          <Frame>9544</Frame>
          <AbsTime>318458.0871517103</AbsTime>
          <Label>write</Label>
          <Polygon>
            <Point>
              <X>10.0</X>
              <Y>10.0</Y>
            </Point>
            <Point>
              <X>110.0</X>
              <Y>10.0</Y>
            </Point>
            <Point>
              <X>110.0</X>
              <Y>110.0</Y>
            </Point>
            <Point>
              <X>10.0</X>
              <Y>110.0</Y>
            </Point>
          </Polygon>
        </VideoObjectLocation>
        <VideoObjectLocation>
          <Visible>1</Visible>
          <Frame>9596</Frame>
          <AbsTime>320202.6774933232</AbsTime>
          <Label>explain</Label>
          <Polygon>
            <Point>
              <X>10.0</X>
              <Y>10.0</Y>
            </Point>
            <Point>
              <X>110.0</X>
              <Y>10.0</Y>
            </Point>
            <Point>
              <X>110.0</X>
              <Y>110.0</Y>
            </Point>
            <Point>
              <X>10.0</X>
              <Y>110.0</Y>
            </Point>
          </Polygon>
        </VideoObjectLocation>
        <VideoObjectLocation>
          <Visible>1</Visible>
          <Frame>11092</Frame>
          <AbsTime>370106.665497054</AbsTime>
          <Label>write</Label>
          <Polygon>
            <Point>
              <X>10.0</X>
              <Y>10.0</Y>
            </Point>
            <Point>
              <X>110.0</X>
              <Y>10.0</Y>
            </Point>
            <Point>
              <X>110.0</X>
              <Y>110.0</Y>
            </Point>
            <Point>
              <X>10.0</X>
              <Y>110.0</Y>
            </Point>
          </Polygon>
        </VideoObjectLocation>
        <VideoObjectLocation>
          <Visible>1</Visible>
          <Frame>11572</Frame>
          <AbsTime>386109.578753853</AbsTime>
          <Label>explain</Label>
          <Polygon>
            <Point>
              <X>10.0</X>
              <Y>10.0</Y>
            </Point>
            <Point>
              <X>110.0</X>
              <Y>10.0</Y>
            </Point>
            <Point>
              <X>110.0</X>
              <Y>110.0</Y>
            </Point>
            <Point>
              <X>10.0</X>
              <Y>110.0</Y>
            </Point>
          </Polygon>
        </VideoObjectLocation>
        <VideoObjectLocation>
          <Visible>1</Visible>
          <Frame>12507</Frame>
          <AbsTime>417297.62242592167</AbsTime>
          <Label>write</Label>
          <Polygon>
            <Point>
              <X>10.0</X>
              <Y>10.0</Y>
            </Point>
            <Point>
              <X>110.0</X>
              <Y>10.0</Y>
            </Point>
            <Point>
              <X>110.0</X>
              <Y>110.0</Y>
            </Point>
            <Point>
              <X>10.0</X>
              <Y>110.0</Y>
            </Point>
          </Polygon>
        </VideoObjectLocation>
        <VideoObjectLocation>
          <Visible>1</Visible>
          <Frame>12784</Frame>
          <AbsTime>426539.7621406398</AbsTime>
          <Label>explain</Label>
          <Polygon>
            <Point>
              <X>10.0</X>
              <Y>10.0</Y>
            </Point>
            <Point>
              <X>110.0</X>
              <Y>10.0</Y>
            </Point>
            <Point>
              <X>110.0</X>
              <Y>110.0</Y>
            </Point>
            <Point>
              <X>10.0</X>
              <Y>110.0</Y>
            </Point>
          </Polygon>
        </VideoObjectLocation>
        <VideoObjectLocation>
          <Visible>1</Visible>
          <Frame>13347</Frame>
          <AbsTime>445324.3276979913</AbsTime>
          <Label>write</Label>
          <Polygon>
            <Point>
              <X>10.0</X>
              <Y>10.0</Y>
            </Point>
            <Point>
              <X>110.0</X>
              <Y>10.0</Y>
            </Point>
            <Point>
              <X>110.0</X>
              <Y>110.0</Y>
            </Point>
            <Point>
              <X>10.0</X>
              <Y>110.0</Y>
            </Point>
          </Polygon>
        </VideoObjectLocation>
        <VideoObjectLocation>
          <Visible>1</Visible>
          <Frame>13460</Frame>
          <AbsTime>449094.5868595911</AbsTime>
          <Label>fingererase</Label>
          <Polygon>
            <Point>
              <X>10.0</X>
              <Y>10.0</Y>
            </Point>
            <Point>
              <X>110.0</X>
              <Y>10.0</Y>
            </Point>
            <Point>
              <X>110.0</X>
              <Y>110.0</Y>
            </Point>
            <Point>
              <X>10.0</X>
              <Y>110.0</Y>
            </Point>
          </Polygon>
        </VideoObjectLocation>
        <VideoObjectLocation>
          <Visible>1</Visible>
          <Frame>13490</Frame>
          <AbsTime>450095.54061930784</AbsTime>
          <Label>explain</Label>
          <Polygon>
            <Point>
              <X>10.0</X>
              <Y>10.0</Y>
            </Point>
            <Point>
              <X>110.0</X>
              <Y>10.0</Y>
            </Point>
            <Point>
              <X>110.0</X>
              <Y>110.0</Y>
            </Point>
            <Point>
              <X>10.0</X>
              <Y>110.0</Y>
            </Point>
          </Polygon>
        </VideoObjectLocation>
        <VideoObjectLocation>
          <Visible>1</Visible>
          <Frame>13926</Frame>
          <AbsTime>464642.7352605249</AbsTime>
          <Label>write</Label>
          <Polygon>
            <Point>
              <X>10.0</X>
              <Y>10.0</Y>
            </Point>
            <Point>
              <X>110.0</X>
              <Y>10.0</Y>
            </Point>
            <Point>
              <X>110.0</X>
              <Y>110.0</Y>
            </Point>
            <Point>
              <X>10.0</X>
              <Y>110.0</Y>
            </Point>
          </Polygon>
        </VideoObjectLocation>
        <VideoObjectLocation>
          <Visible>1</Visible>
          <Frame>13982</Frame>
          <AbsTime>466511.18227866286</AbsTime>
          <Label>explain</Label>
          <Polygon>
            <Point>
              <X>10.0</X>
              <Y>10.0</Y>
            </Point>
            <Point>
              <X>110.0</X>
              <Y>10.0</Y>
            </Point>
            <Point>
              <X>110.0</X>
              <Y>110.0</Y>
            </Point>
            <Point>
              <X>10.0</X>
              <Y>110.0</Y>
            </Point>
          </Polygon>
        </VideoObjectLocation>
        <VideoObjectLocation>
          <Visible>1</Visible>
          <Frame>14334</Frame>
          <AbsTime>478255.706392673</AbsTime>
          <Label>write</Label>
          <Polygon>
            <Point>
              <X>10.0</X>
              <Y>10.0</Y>
            </Point>
            <Point>
              <X>110.0</X>
              <Y>10.0</Y>
            </Point>
            <Point>
              <X>110.0</X>
              <Y>110.0</Y>
            </Point>
            <Point>
              <X>10.0</X>
              <Y>110.0</Y>
            </Point>
          </Polygon>
        </VideoObjectLocation>
        <VideoObjectLocation>
          <Visible>1</Visible>
          <Frame>14506</Frame>
          <AbsTime>483994.50794838247</AbsTime>
          <Label>explain</Label>
          <Polygon>
            <Point>
              <X>10.0</X>
              <Y>10.0</Y>
            </Point>
            <Point>
              <X>110.0</X>
              <Y>10.0</Y>
            </Point>
            <Point>
              <X>110.0</X>
              <Y>110.0</Y>
            </Point>
            <Point>
              <X>10.0</X>
              <Y>110.0</Y>
            </Point>
          </Polygon>
        </VideoObjectLocation>
        <VideoObjectLocation>
          <Visible>1</Visible>
          <Frame>14671</Frame>
          <AbsTime>489499.7536268247</AbsTime>
          <Label>write</Label>
          <Polygon>
            <Point>
              <X>10.0</X>
              <Y>10.0</Y>
            </Point>
            <Point>
              <X>110.0</X>
              <Y>10.0</Y>
            </Point>
            <Point>
              <X>110.0</X>
              <Y>110.0</Y>
            </Point>
            <Point>
              <X>10.0</X>
              <Y>110.0</Y>
            </Point>
          </Polygon>
        </VideoObjectLocation>
        <VideoObjectLocation>
          <Visible>1</Visible>
          <Frame>14831</Frame>
          <AbsTime>494838.1736786475</AbsTime>
          <Label>explain</Label>
          <Polygon>
            <Point>
              <X>10.0</X>
              <Y>10.0</Y>
            </Point>
            <Point>
              <X>110.0</X>
              <Y>10.0</Y>
            </Point>
            <Point>
              <X>110.0</X>
              <Y>110.0</Y>
            </Point>
            <Point>
              <X>10.0</X>
              <Y>110.0</Y>
            </Point>
          </Polygon>
        </VideoObjectLocation>
        <VideoObjectLocation>
          <Visible>1</Visible>
          <Frame>15319</Frame>
          <AbsTime>511120.35483670695</AbsTime>
          <Label>write</Label>
          <Polygon>
            <Point>
              <X>10.0</X>
              <Y>10.0</Y>
            </Point>
            <Point>
              <X>110.0</X>
              <Y>10.0</Y>
            </Point>
            <Point>
              <X>110.0</X>
              <Y>110.0</Y>
            </Point>
            <Point>
              <X>10.0</X>
              <Y>110.0</Y>
            </Point>
          </Polygon>
        </VideoObjectLocation>
        <VideoObjectLocation>
          <Visible>1</Visible>
          <Frame>15436</Frame>
          <AbsTime>515024.0744996024</AbsTime>
          <Label>explain</Label>
          <Polygon>
            <Point>
              <X>10.0</X>
              <Y>10.0</Y>
            </Point>
            <Point>
              <X>110.0</X>
              <Y>10.0</Y>
            </Point>
            <Point>
              <X>110.0</X>
              <Y>110.0</Y>
            </Point>
            <Point>
              <X>10.0</X>
              <Y>110.0</Y>
            </Point>
          </Polygon>
        </VideoObjectLocation>
        <VideoObjectLocation>
          <Visible>1</Visible>
          <Frame>15679</Frame>
          <AbsTime>523131.7999533082</AbsTime>
          <Label>write</Label>
          <Polygon>
            <Point>
              <X>10.0</X>
              <Y>10.0</Y>
            </Point>
            <Point>
              <X>110.0</X>
              <Y>10.0</Y>
            </Point>
            <Point>
              <X>110.0</X>
              <Y>110.0</Y>
            </Point>
            <Point>
              <X>10.0</X>
              <Y>110.0</Y>
            </Point>
          </Polygon>
        </VideoObjectLocation>
        <VideoObjectLocation>
          <Visible>1</Visible>
          <Frame>15735</Frame>
          <AbsTime>525000.2469714462</AbsTime>
          <Label>explain</Label>
          <Polygon>
            <Point>
              <X>10.0</X>
              <Y>10.0</Y>
            </Point>
            <Point>
              <X>110.0</X>
              <Y>10.0</Y>
            </Point>
            <Point>
              <X>110.0</X>
              <Y>110.0</Y>
            </Point>
            <Point>
              <X>10.0</X>
              <Y>110.0</Y>
            </Point>
          </Polygon>
        </VideoObjectLocation>
        <VideoObjectLocation>
          <Visible>1</Visible>
          <Frame>15879</Frame>
          <AbsTime>529804.8250180867</AbsTime>
          <Label>write</Label>
          <Polygon>
            <Point>
              <X>10.0</X>
              <Y>10.0</Y>
            </Point>
            <Point>
              <X>110.0</X>
              <Y>10.0</Y>
            </Point>
            <Point>
              <X>110.0</X>
              <Y>110.0</Y>
            </Point>
            <Point>
              <X>10.0</X>
              <Y>110.0</Y>
            </Point>
          </Polygon>
        </VideoObjectLocation>
        <VideoObjectLocation>
          <Visible>1</Visible>
          <Frame>15978</Frame>
          <AbsTime>533107.972425152</AbsTime>
          <Label>explain</Label>
          <Polygon>
            <Point>
              <X>10.0</X>
              <Y>10.0</Y>
            </Point>
            <Point>
              <X>110.0</X>
              <Y>10.0</Y>
            </Point>
            <Point>
              <X>110.0</X>
              <Y>110.0</Y>
            </Point>
            <Point>
              <X>10.0</X>
              <Y>110.0</Y>
            </Point>
          </Polygon>
        </VideoObjectLocation>
        <VideoObjectLocation>
          <Visible>1</Visible>
          <Frame>16414</Frame>
          <AbsTime>547655.1670663691</AbsTime>
          <Label>write</Label>
          <Polygon>
            <Point>
              <X>10.0</X>
              <Y>10.0</Y>
            </Point>
            <Point>
              <X>110.0</X>
              <Y>10.0</Y>
            </Point>
            <Point>
              <X>110.0</X>
              <Y>110.0</Y>
            </Point>
            <Point>
              <X>10.0</X>
              <Y>110.0</Y>
            </Point>
          </Polygon>
        </VideoObjectLocation>
        <VideoObjectLocation>
          <Visible>1</Visible>
          <Frame>16610</Frame>
          <AbsTime>554194.731629852</AbsTime>
          <Label>explain</Label>
          <Polygon>
            <Point>
              <X>10.0</X>
              <Y>10.0</Y>
            </Point>
            <Point>
              <X>110.0</X>
              <Y>10.0</Y>
            </Point>
            <Point>
              <X>110.0</X>
              <Y>110.0</Y>
            </Point>
            <Point>
              <X>10.0</X>
              <Y>110.0</Y>
            </Point>
          </Polygon>
        </VideoObjectLocation>
        <VideoObjectLocation>
          <Visible>1</Visible>
          <Frame>17130</Frame>
          <AbsTime>571544.5967982761</AbsTime>
          <Label>write</Label>
          <Polygon>
            <Point>
              <X>10.0</X>
              <Y>10.0</Y>
            </Point>
            <Point>
              <X>110.0</X>
              <Y>10.0</Y>
            </Point>
            <Point>
              <X>110.0</X>
              <Y>110.0</Y>
            </Point>
            <Point>
              <X>10.0</X>
              <Y>110.0</Y>
            </Point>
          </Polygon>
        </VideoObjectLocation>
        <VideoObjectLocation>
          <Visible>1</Visible>
          <Frame>17333</Frame>
          <AbsTime>578317.7172390262</AbsTime>
          <Label>explain</Label>
          <Polygon>
            <Point>
              <X>10.0</X>
              <Y>10.0</Y>
            </Point>
            <Point>
              <X>110.0</X>
              <Y>10.0</Y>
            </Point>
            <Point>
              <X>110.0</X>
              <Y>110.0</Y>
            </Point>
            <Point>
              <X>10.0</X>
              <Y>110.0</Y>
            </Point>
          </Polygon>
        </VideoObjectLocation>
        <VideoObjectLocation>
          <Visible>1</Visible>
          <Frame>17411</Frame>
          <AbsTime>580920.1970142898</AbsTime>
          <Label>write</Label>
          <Polygon>
            <Point>
              <X>10.0</X>
              <Y>10.0</Y>
            </Point>
            <Point>
              <X>110.0</X>
              <Y>10.0</Y>
            </Point>
            <Point>
              <X>110.0</X>
              <Y>110.0</Y>
            </Point>
            <Point>
              <X>10.0</X>
              <Y>110.0</Y>
            </Point>
          </Polygon>
        </VideoObjectLocation>
        <VideoObjectLocation>
          <Visible>1</Visible>
          <Frame>17424</Frame>
          <AbsTime>581353.9436435003</AbsTime>
          <Label>explain</Label>
          <Polygon>
            <Point>
              <X>10.0</X>
              <Y>10.0</Y>
            </Point>
            <Point>
              <X>110.0</X>
              <Y>10.0</Y>
            </Point>
            <Point>
              <X>110.0</X>
              <Y>110.0</Y>
            </Point>
            <Point>
              <X>10.0</X>
              <Y>110.0</Y>
            </Point>
          </Polygon>
        </VideoObjectLocation>
        <VideoObjectLocation>
          <Visible>1</Visible>
          <Frame>17769</Frame>
          <AbsTime>592864.9118802432</AbsTime>
          <Label>write</Label>
          <Polygon>
            <Point>
              <X>10.0</X>
              <Y>10.0</Y>
            </Point>
            <Point>
              <X>110.0</X>
              <Y>10.0</Y>
            </Point>
            <Point>
              <X>110.0</X>
              <Y>110.0</Y>
            </Point>
            <Point>
              <X>10.0</X>
              <Y>110.0</Y>
            </Point>
          </Polygon>
        </VideoObjectLocation>
        <VideoObjectLocation>
          <Visible>1</Visible>
          <Frame>17848</Frame>
          <AbsTime>595500.7567808307</AbsTime>
          <Label>explain</Label>
          <Polygon>
            <Point>
              <X>10.0</X>
              <Y>10.0</Y>
            </Point>
            <Point>
              <X>110.0</X>
              <Y>10.0</Y>
            </Point>
            <Point>
              <X>110.0</X>
              <Y>110.0</Y>
            </Point>
            <Point>
              <X>10.0</X>
              <Y>110.0</Y>
            </Point>
          </Polygon>
        </VideoObjectLocation>
        <VideoObjectLocation>
          <Visible>1</Visible>
          <Frame>18200</Frame>
          <AbsTime>607245.2808948408</AbsTime>
          <Label>write</Label>
          <Polygon>
            <Point>
              <X>10.0</X>
              <Y>10.0</Y>
            </Point>
            <Point>
              <X>110.0</X>
              <Y>10.0</Y>
            </Point>
            <Point>
              <X>110.0</X>
              <Y>110.0</Y>
            </Point>
            <Point>
              <X>10.0</X>
              <Y>110.0</Y>
            </Point>
          </Polygon>
        </VideoObjectLocation>
        <VideoObjectLocation>
          <Visible>1</Visible>
          <Frame>18254</Frame>
          <AbsTime>609046.997662331</AbsTime>
          <Label>explain</Label>
          <Polygon>
            <Point>
              <X>10.0</X>
              <Y>10.0</Y>
            </Point>
            <Point>
              <X>110.0</X>
              <Y>10.0</Y>
            </Point>
            <Point>
              <X>110.0</X>
              <Y>110.0</Y>
            </Point>
            <Point>
              <X>10.0</X>
              <Y>110.0</Y>
            </Point>
          </Polygon>
        </VideoObjectLocation>
        <VideoObjectLocation>
          <Visible>1</Visible>
          <Frame>18556</Frame>
          <AbsTime>619123.2655101465</AbsTime>
          <Label>write</Label>
          <Polygon>
            <Point>
              <X>10.0</X>
              <Y>10.0</Y>
            </Point>
            <Point>
              <X>110.0</X>
              <Y>10.0</Y>
            </Point>
            <Point>
              <X>110.0</X>
              <Y>110.0</Y>
            </Point>
            <Point>
              <X>10.0</X>
              <Y>110.0</Y>
            </Point>
          </Polygon>
        </VideoObjectLocation>
        <VideoObjectLocation>
          <Visible>1</Visible>
          <Frame>18616</Frame>
          <AbsTime>621125.17302958</AbsTime>
          <Label>explain</Label>
          <Polygon>
            <Point>
              <X>10.0</X>
              <Y>10.0</Y>
            </Point>
            <Point>
              <X>110.0</X>
              <Y>10.0</Y>
            </Point>
            <Point>
              <X>110.0</X>
              <Y>110.0</Y>
            </Point>
            <Point>
              <X>10.0</X>
              <Y>110.0</Y>
            </Point>
          </Polygon>
        </VideoObjectLocation>
        <VideoObjectLocation>
          <Visible>1</Visible>
          <Frame>18752</Frame>
          <AbsTime>625662.8300736294</AbsTime>
          <Label>write</Label>
          <Polygon>
            <Point>
              <X>10.0</X>
              <Y>10.0</Y>
            </Point>
            <Point>
              <X>110.0</X>
              <Y>10.0</Y>
            </Point>
            <Point>
              <X>110.0</X>
              <Y>110.0</Y>
            </Point>
            <Point>
              <X>10.0</X>
              <Y>110.0</Y>
            </Point>
          </Polygon>
        </VideoObjectLocation>
        <VideoObjectLocation>
          <Visible>1</Visible>
          <Frame>19285</Frame>
          <AbsTime>643446.441871264</AbsTime>
          <Label>explain</Label>
          <Polygon>
            <Point>
              <X>10.0</X>
              <Y>10.0</Y>
            </Point>
            <Point>
              <X>110.0</X>
              <Y>10.0</Y>
            </Point>
            <Point>
              <X>110.0</X>
              <Y>110.0</Y>
            </Point>
            <Point>
              <X>10.0</X>
              <Y>110.0</Y>
            </Point>
          </Polygon>
        </VideoObjectLocation>
        <VideoObjectLocation>
          <Visible>1</Visible>
          <Frame>19803</Frame>
          <AbsTime>660729.5767890402</AbsTime>
          <Label>write</Label>
          <Polygon>
            <Point>
              <X>10.0</X>
              <Y>10.0</Y>
            </Point>
            <Point>
              <X>110.0</X>
              <Y>10.0</Y>
            </Point>
            <Point>
              <X>110.0</X>
              <Y>110.0</Y>
            </Point>
            <Point>
              <X>10.0</X>
              <Y>110.0</Y>
            </Point>
          </Polygon>
        </VideoObjectLocation>
        <VideoObjectLocation>
          <Visible>1</Visible>
          <Frame>20767</Frame>
          <AbsTime>692893.5576012725</AbsTime>
          <Label>explain</Label>
          <Polygon>
            <Point>
              <X>10.0</X>
              <Y>10.0</Y>
            </Point>
            <Point>
              <X>110.0</X>
              <Y>10.0</Y>
            </Point>
            <Point>
              <X>110.0</X>
              <Y>110.0</Y>
            </Point>
            <Point>
              <X>10.0</X>
              <Y>110.0</Y>
            </Point>
          </Polygon>
        </VideoObjectLocation>
    </VideoObjectLocations>
  </VideoObject>
  </VideoObjects>
  <VideoSegments>
    <VideoSegment>
        <Start>0</Start>
        <End>581</End>
    </VideoSegment>
    <VideoSegment>
        <Start>581</Start>
        <End>5229</End>
    </VideoSegment>
    <VideoSegment>
        <Start>5229</Start>
        <End>8873</End>
    </VideoSegment>
    <VideoSegment>
        <Start>8873</Start>
        <End>21655</End>
    </VideoSegment>
  </VideoSegments>
  <VideoKeyFrames>
    <VideoKeyFrame>
       <Index>411</Index>
    </VideoKeyFrame>
    <VideoKeyFrame>
       <Index>5079</Index>
    </VideoKeyFrame>
    <VideoKeyFrame>
       <Index>8273</Index>
    </VideoKeyFrame>
    <VideoKeyFrame>
       <Index>8733</Index>
    </VideoKeyFrame>
    <VideoKeyFrame>
       <Index>19274</Index>
    </VideoKeyFrame>
    <VideoKeyFrame>
       <Index>21634</Index>
    </VideoKeyFrame>
  </VideoKeyFrames>
</Annotations>
