<Annotations>
  <Database>LectureMath</Database>
  <Lecture>00013_001_026</Lecture>
  <Filename>whiteboards_2020/output/annotations/LectureMath_00013_001_026.xml</Filename>
  <VideoFiles>
     <VideoFile>whiteboards_2020/export_frames/00013_001_026/JPEGImages</VideoFile>
  </VideoFiles>
  <DrawingInfo>
     <Canvas>
         <X>10</X>
         <Y>60</Y>
         <W>1040</W>
         <H>620</H>
     </Canvas>
     <Player>
         <ControlArea>
             <X>50</X>
             <Y>100</Y>
             <W>960</W>
             <H>540</H>
         </ControlArea>
         <RenderArea>
             <X>50.0</X>
             <Y>100.0</Y>
             <W>960</W>
             <H>540</H>
         </RenderArea>
     </Player>
  </DrawingInfo>
  <VideoObjects>
  <VideoObject>
    <Id>speaker</Id>
    <Name>speaker</Name>
    <Shape>0</Shape>
    <VideoObjectLocations>
        <VideoObjectLocation>
          <Visible>1</Visible>
          <Frame>95</Frame>
          <AbsTime>3133.322222222222</AbsTime>
          <Label>out</Label>
          <Polygon>
            <Point>
              <X>10.0</X>
              <Y>10.0</Y>
            </Point>
            <Point>
              <X>110.0</X>
              <Y>10.0</Y>
            </Point>
            <Point>
              <X>110.0</X>
              <Y>110.0</Y>
            </Point>
            <Point>
              <X>10.0</X>
              <Y>110.0</Y>
            </Point>
          </Polygon>
        </VideoObjectLocation>
        <VideoObjectLocation>
          <Visible>1</Visible>
          <Frame>143</Frame>
          <AbsTime>4733.322222222222</AbsTime>
          <Label>explain</Label>
          <Polygon>
            <Point>
              <X>10.0</X>
              <Y>10.0</Y>
            </Point>
            <Point>
              <X>110.0</X>
              <Y>10.0</Y>
            </Point>
            <Point>
              <X>110.0</X>
              <Y>110.0</Y>
            </Point>
            <Point>
              <X>10.0</X>
              <Y>110.0</Y>
            </Point>
          </Polygon>
        </VideoObjectLocation>
        <VideoObjectLocation>
          <Visible>1</Visible>
          <Frame>685</Frame>
          <AbsTime>22799.98888888889</AbsTime>
          <Label>write</Label>
          <Polygon>
            <Point>
              <X>10.0</X>
              <Y>10.0</Y>
            </Point>
            <Point>
              <X>110.0</X>
              <Y>10.0</Y>
            </Point>
            <Point>
              <X>110.0</X>
              <Y>110.0</Y>
            </Point>
            <Point>
              <X>10.0</X>
              <Y>110.0</Y>
            </Point>
          </Polygon>
        </VideoObjectLocation>
        <VideoObjectLocation>
          <Visible>1</Visible>
          <Frame>708</Frame>
          <AbsTime>23566.655555555557</AbsTime>
          <Label>explain</Label>
          <Polygon>
            <Point>
              <X>10.0</X>
              <Y>10.0</Y>
            </Point>
            <Point>
              <X>110.0</X>
              <Y>10.0</Y>
            </Point>
            <Point>
              <X>110.0</X>
              <Y>110.0</Y>
            </Point>
            <Point>
              <X>10.0</X>
              <Y>110.0</Y>
            </Point>
          </Polygon>
        </VideoObjectLocation>
        <VideoObjectLocation>
          <Visible>1</Visible>
          <Frame>916</Frame>
          <AbsTime>30499.98888888889</AbsTime>
          <Label>write</Label>
          <Polygon>
            <Point>
              <X>10.0</X>
              <Y>10.0</Y>
            </Point>
            <Point>
              <X>110.0</X>
              <Y>10.0</Y>
            </Point>
            <Point>
              <X>110.0</X>
              <Y>110.0</Y>
            </Point>
            <Point>
              <X>10.0</X>
              <Y>110.0</Y>
            </Point>
          </Polygon>
        </VideoObjectLocation>
        <VideoObjectLocation>
          <Visible>1</Visible>
          <Frame>1115</Frame>
          <AbsTime>37133.322222222225</AbsTime>
          <Label>explain</Label>
          <Polygon>
            <Point>
              <X>10.0</X>
              <Y>10.0</Y>
            </Point>
            <Point>
              <X>110.0</X>
              <Y>10.0</Y>
            </Point>
            <Point>
              <X>110.0</X>
              <Y>110.0</Y>
            </Point>
            <Point>
              <X>10.0</X>
              <Y>110.0</Y>
            </Point>
          </Polygon>
        </VideoObjectLocation>
        <VideoObjectLocation>
          <Visible>1</Visible>
          <Frame>1163</Frame>
          <AbsTime>38733.322222222225</AbsTime>
          <Label>write</Label>
          <Polygon>
            <Point>
              <X>10.0</X>
              <Y>10.0</Y>
            </Point>
            <Point>
              <X>110.0</X>
              <Y>10.0</Y>
            </Point>
            <Point>
              <X>110.0</X>
              <Y>110.0</Y>
            </Point>
            <Point>
              <X>10.0</X>
              <Y>110.0</Y>
            </Point>
          </Polygon>
        </VideoObjectLocation>
        <VideoObjectLocation>
          <Visible>1</Visible>
          <Frame>1484</Frame>
          <AbsTime>49433.322222222225</AbsTime>
          <Label>explain</Label>
          <Polygon>
            <Point>
              <X>10.0</X>
              <Y>10.0</Y>
            </Point>
            <Point>
              <X>110.0</X>
              <Y>10.0</Y>
            </Point>
            <Point>
              <X>110.0</X>
              <Y>110.0</Y>
            </Point>
            <Point>
              <X>10.0</X>
              <Y>110.0</Y>
            </Point>
          </Polygon>
        </VideoObjectLocation>
        <VideoObjectLocation>
          <Visible>1</Visible>
          <Frame>1559</Frame>
          <AbsTime>51933.322222222225</AbsTime>
          <Label>write</Label>
          <Polygon>
            <Point>
              <X>10.0</X>
              <Y>10.0</Y>
            </Point>
            <Point>
              <X>110.0</X>
              <Y>10.0</Y>
            </Point>
            <Point>
              <X>110.0</X>
              <Y>110.0</Y>
            </Point>
            <Point>
              <X>10.0</X>
              <Y>110.0</Y>
            </Point>
          </Polygon>
        </VideoObjectLocation>
        <VideoObjectLocation>
          <Visible>1</Visible>
          <Frame>1985</Frame>
          <AbsTime>66133.32222222222</AbsTime>
          <Label>explain</Label>
          <Polygon>
            <Point>
              <X>10.0</X>
              <Y>10.0</Y>
            </Point>
            <Point>
              <X>110.0</X>
              <Y>10.0</Y>
            </Point>
            <Point>
              <X>110.0</X>
              <Y>110.0</Y>
            </Point>
            <Point>
              <X>10.0</X>
              <Y>110.0</Y>
            </Point>
          </Polygon>
        </VideoObjectLocation>
        <VideoObjectLocation>
          <Visible>1</Visible>
          <Frame>2015</Frame>
          <AbsTime>67133.32222222222</AbsTime>
          <Label>out</Label>
          <Polygon>
            <Point>
              <X>10.0</X>
              <Y>10.0</Y>
            </Point>
            <Point>
              <X>110.0</X>
              <Y>10.0</Y>
            </Point>
            <Point>
              <X>110.0</X>
              <Y>110.0</Y>
            </Point>
            <Point>
              <X>10.0</X>
              <Y>110.0</Y>
            </Point>
          </Polygon>
        </VideoObjectLocation>
        <VideoObjectLocation>
          <Visible>1</Visible>
          <Frame>2097</Frame>
          <AbsTime>69866.65555555555</AbsTime>
          <Label>explain</Label>
          <Polygon>
            <Point>
              <X>10.0</X>
              <Y>10.0</Y>
            </Point>
            <Point>
              <X>110.0</X>
              <Y>10.0</Y>
            </Point>
            <Point>
              <X>110.0</X>
              <Y>110.0</Y>
            </Point>
            <Point>
              <X>10.0</X>
              <Y>110.0</Y>
            </Point>
          </Polygon>
        </VideoObjectLocation>
        <VideoObjectLocation>
          <Visible>1</Visible>
          <Frame>2309</Frame>
          <AbsTime>76933.32222222222</AbsTime>
          <Label>out</Label>
          <Polygon>
            <Point>
              <X>10.0</X>
              <Y>10.0</Y>
            </Point>
            <Point>
              <X>110.0</X>
              <Y>10.0</Y>
            </Point>
            <Point>
              <X>110.0</X>
              <Y>110.0</Y>
            </Point>
            <Point>
              <X>10.0</X>
              <Y>110.0</Y>
            </Point>
          </Polygon>
        </VideoObjectLocation>
        <VideoObjectLocation>
          <Visible>1</Visible>
          <Frame>2393</Frame>
          <AbsTime>79733.32222222222</AbsTime>
          <Label>explain</Label>
          <Polygon>
            <Point>
              <X>10.0</X>
              <Y>10.0</Y>
            </Point>
            <Point>
              <X>110.0</X>
              <Y>10.0</Y>
            </Point>
            <Point>
              <X>110.0</X>
              <Y>110.0</Y>
            </Point>
            <Point>
              <X>10.0</X>
              <Y>110.0</Y>
            </Point>
          </Polygon>
        </VideoObjectLocation>
        <VideoObjectLocation>
          <Visible>1</Visible>
          <Frame>2422</Frame>
          <AbsTime>80699.9888888889</AbsTime>
          <Label>change</Label>
          <Polygon>
            <Point>
              <X>10.0</X>
              <Y>10.0</Y>
            </Point>
            <Point>
              <X>110.0</X>
              <Y>10.0</Y>
            </Point>
            <Point>
              <X>110.0</X>
              <Y>110.0</Y>
            </Point>
            <Point>
              <X>10.0</X>
              <Y>110.0</Y>
            </Point>
          </Polygon>
        </VideoObjectLocation>
        <VideoObjectLocation>
          <Visible>1</Visible>
          <Frame>2438</Frame>
          <AbsTime>81233.32222222222</AbsTime>
          <Label>explain</Label>
          <Polygon>
            <Point>
              <X>10.0</X>
              <Y>10.0</Y>
            </Point>
            <Point>
              <X>110.0</X>
              <Y>10.0</Y>
            </Point>
            <Point>
              <X>110.0</X>
              <Y>110.0</Y>
            </Point>
            <Point>
              <X>10.0</X>
              <Y>110.0</Y>
            </Point>
          </Polygon>
        </VideoObjectLocation>
        <VideoObjectLocation>
          <Visible>1</Visible>
          <Frame>2467</Frame>
          <AbsTime>82199.9888888889</AbsTime>
          <Label>write</Label>
          <Polygon>
            <Point>
              <X>10.0</X>
              <Y>10.0</Y>
            </Point>
            <Point>
              <X>110.0</X>
              <Y>10.0</Y>
            </Point>
            <Point>
              <X>110.0</X>
              <Y>110.0</Y>
            </Point>
            <Point>
              <X>10.0</X>
              <Y>110.0</Y>
            </Point>
          </Polygon>
        </VideoObjectLocation>
        <VideoObjectLocation>
          <Visible>1</Visible>
          <Frame>2646</Frame>
          <AbsTime>88166.65555555557</AbsTime>
          <Label>explain</Label>
          <Polygon>
            <Point>
              <X>10.0</X>
              <Y>10.0</Y>
            </Point>
            <Point>
              <X>110.0</X>
              <Y>10.0</Y>
            </Point>
            <Point>
              <X>110.0</X>
              <Y>110.0</Y>
            </Point>
            <Point>
              <X>10.0</X>
              <Y>110.0</Y>
            </Point>
          </Polygon>
        </VideoObjectLocation>
        <VideoObjectLocation>
          <Visible>1</Visible>
          <Frame>2717</Frame>
          <AbsTime>90533.32222222222</AbsTime>
          <Label>write</Label>
          <Polygon>
            <Point>
              <X>10.0</X>
              <Y>10.0</Y>
            </Point>
            <Point>
              <X>110.0</X>
              <Y>10.0</Y>
            </Point>
            <Point>
              <X>110.0</X>
              <Y>110.0</Y>
            </Point>
            <Point>
              <X>10.0</X>
              <Y>110.0</Y>
            </Point>
          </Polygon>
        </VideoObjectLocation>
        <VideoObjectLocation>
          <Visible>1</Visible>
          <Frame>2868</Frame>
          <AbsTime>95566.65555555555</AbsTime>
          <Label>explain</Label>
          <Polygon>
            <Point>
              <X>10.0</X>
              <Y>10.0</Y>
            </Point>
            <Point>
              <X>110.0</X>
              <Y>10.0</Y>
            </Point>
            <Point>
              <X>110.0</X>
              <Y>110.0</Y>
            </Point>
            <Point>
              <X>10.0</X>
              <Y>110.0</Y>
            </Point>
          </Polygon>
        </VideoObjectLocation>
        <VideoObjectLocation>
          <Visible>1</Visible>
          <Frame>2904</Frame>
          <AbsTime>96766.65555555555</AbsTime>
          <Label>out</Label>
          <Polygon>
            <Point>
              <X>10.0</X>
              <Y>10.0</Y>
            </Point>
            <Point>
              <X>110.0</X>
              <Y>10.0</Y>
            </Point>
            <Point>
              <X>110.0</X>
              <Y>110.0</Y>
            </Point>
            <Point>
              <X>10.0</X>
              <Y>110.0</Y>
            </Point>
          </Polygon>
        </VideoObjectLocation>
        <VideoObjectLocation>
          <Visible>1</Visible>
          <Frame>2918</Frame>
          <AbsTime>97233.32222222222</AbsTime>
          <Label>explain</Label>
          <Polygon>
            <Point>
              <X>10.0</X>
              <Y>10.0</Y>
            </Point>
            <Point>
              <X>110.0</X>
              <Y>10.0</Y>
            </Point>
            <Point>
              <X>110.0</X>
              <Y>110.0</Y>
            </Point>
            <Point>
              <X>10.0</X>
              <Y>110.0</Y>
            </Point>
          </Polygon>
        </VideoObjectLocation>
        <VideoObjectLocation>
          <Visible>1</Visible>
          <Frame>2936</Frame>
          <AbsTime>97833.32222222222</AbsTime>
          <Label>out</Label>
          <Polygon>
            <Point>
              <X>10.0</X>
              <Y>10.0</Y>
            </Point>
            <Point>
              <X>110.0</X>
              <Y>10.0</Y>
            </Point>
            <Point>
              <X>110.0</X>
              <Y>110.0</Y>
            </Point>
            <Point>
              <X>10.0</X>
              <Y>110.0</Y>
            </Point>
          </Polygon>
        </VideoObjectLocation>
        <VideoObjectLocation>
          <Visible>1</Visible>
          <Frame>2945</Frame>
          <AbsTime>98133.32222222222</AbsTime>
          <Label>explain</Label>
          <Polygon>
            <Point>
              <X>10.0</X>
              <Y>10.0</Y>
            </Point>
            <Point>
              <X>110.0</X>
              <Y>10.0</Y>
            </Point>
            <Point>
              <X>110.0</X>
              <Y>110.0</Y>
            </Point>
            <Point>
              <X>10.0</X>
              <Y>110.0</Y>
            </Point>
          </Polygon>
        </VideoObjectLocation>
        <VideoObjectLocation>
          <Visible>1</Visible>
          <Frame>3365</Frame>
          <AbsTime>112133.32222222222</AbsTime>
          <Label>out</Label>
          <Polygon>
            <Point>
              <X>10.0</X>
              <Y>10.0</Y>
            </Point>
            <Point>
              <X>110.0</X>
              <Y>10.0</Y>
            </Point>
            <Point>
              <X>110.0</X>
              <Y>110.0</Y>
            </Point>
            <Point>
              <X>10.0</X>
              <Y>110.0</Y>
            </Point>
          </Polygon>
        </VideoObjectLocation>
        <VideoObjectLocation>
          <Visible>1</Visible>
          <Frame>3419</Frame>
          <AbsTime>113933.32222222224</AbsTime>
          <Label>explain</Label>
          <Polygon>
            <Point>
              <X>10.0</X>
              <Y>10.0</Y>
            </Point>
            <Point>
              <X>110.0</X>
              <Y>10.0</Y>
            </Point>
            <Point>
              <X>110.0</X>
              <Y>110.0</Y>
            </Point>
            <Point>
              <X>10.0</X>
              <Y>110.0</Y>
            </Point>
          </Polygon>
        </VideoObjectLocation>
        <VideoObjectLocation>
          <Visible>1</Visible>
          <Frame>3487</Frame>
          <AbsTime>116199.9888888889</AbsTime>
          <Label>write</Label>
          <Polygon>
            <Point>
              <X>10.0</X>
              <Y>10.0</Y>
            </Point>
            <Point>
              <X>110.0</X>
              <Y>10.0</Y>
            </Point>
            <Point>
              <X>110.0</X>
              <Y>110.0</Y>
            </Point>
            <Point>
              <X>10.0</X>
              <Y>110.0</Y>
            </Point>
          </Polygon>
        </VideoObjectLocation>
        <VideoObjectLocation>
          <Visible>1</Visible>
          <Frame>3504</Frame>
          <AbsTime>116766.65555555555</AbsTime>
          <Label>explain</Label>
          <Polygon>
            <Point>
              <X>10.0</X>
              <Y>10.0</Y>
            </Point>
            <Point>
              <X>110.0</X>
              <Y>10.0</Y>
            </Point>
            <Point>
              <X>110.0</X>
              <Y>110.0</Y>
            </Point>
            <Point>
              <X>10.0</X>
              <Y>110.0</Y>
            </Point>
          </Polygon>
        </VideoObjectLocation>
        <VideoObjectLocation>
          <Visible>1</Visible>
          <Frame>3576</Frame>
          <AbsTime>119166.65555555557</AbsTime>
          <Label>write</Label>
          <Polygon>
            <Point>
              <X>10.0</X>
              <Y>10.0</Y>
            </Point>
            <Point>
              <X>110.0</X>
              <Y>10.0</Y>
            </Point>
            <Point>
              <X>110.0</X>
              <Y>110.0</Y>
            </Point>
            <Point>
              <X>10.0</X>
              <Y>110.0</Y>
            </Point>
          </Polygon>
        </VideoObjectLocation>
        <VideoObjectLocation>
          <Visible>1</Visible>
          <Frame>3887</Frame>
          <AbsTime>129533.32222222222</AbsTime>
          <Label>explain</Label>
          <Polygon>
            <Point>
              <X>10.0</X>
              <Y>10.0</Y>
            </Point>
            <Point>
              <X>110.0</X>
              <Y>10.0</Y>
            </Point>
            <Point>
              <X>110.0</X>
              <Y>110.0</Y>
            </Point>
            <Point>
              <X>10.0</X>
              <Y>110.0</Y>
            </Point>
          </Polygon>
        </VideoObjectLocation>
        <VideoObjectLocation>
          <Visible>1</Visible>
          <Frame>3955</Frame>
          <AbsTime>131799.98888888888</AbsTime>
          <Label>write</Label>
          <Polygon>
            <Point>
              <X>10.0</X>
              <Y>10.0</Y>
            </Point>
            <Point>
              <X>110.0</X>
              <Y>10.0</Y>
            </Point>
            <Point>
              <X>110.0</X>
              <Y>110.0</Y>
            </Point>
            <Point>
              <X>10.0</X>
              <Y>110.0</Y>
            </Point>
          </Polygon>
        </VideoObjectLocation>
        <VideoObjectLocation>
          <Visible>1</Visible>
          <Frame>4211</Frame>
          <AbsTime>140333.32222222222</AbsTime>
          <Label>explain</Label>
          <Polygon>
            <Point>
              <X>10.0</X>
              <Y>10.0</Y>
            </Point>
            <Point>
              <X>110.0</X>
              <Y>10.0</Y>
            </Point>
            <Point>
              <X>110.0</X>
              <Y>110.0</Y>
            </Point>
            <Point>
              <X>10.0</X>
              <Y>110.0</Y>
            </Point>
          </Polygon>
        </VideoObjectLocation>
        <VideoObjectLocation>
          <Visible>1</Visible>
          <Frame>4235</Frame>
          <AbsTime>141133.32222222222</AbsTime>
          <Label>out</Label>
          <Polygon>
            <Point>
              <X>10.0</X>
              <Y>10.0</Y>
            </Point>
            <Point>
              <X>110.0</X>
              <Y>10.0</Y>
            </Point>
            <Point>
              <X>110.0</X>
              <Y>110.0</Y>
            </Point>
            <Point>
              <X>10.0</X>
              <Y>110.0</Y>
            </Point>
          </Polygon>
        </VideoObjectLocation>
        <VideoObjectLocation>
          <Visible>1</Visible>
          <Frame>4307</Frame>
          <AbsTime>143533.32222222222</AbsTime>
          <Label>explain</Label>
          <Polygon>
            <Point>
              <X>10.0</X>
              <Y>10.0</Y>
            </Point>
            <Point>
              <X>110.0</X>
              <Y>10.0</Y>
            </Point>
            <Point>
              <X>110.0</X>
              <Y>110.0</Y>
            </Point>
            <Point>
              <X>10.0</X>
              <Y>110.0</Y>
            </Point>
          </Polygon>
        </VideoObjectLocation>
        <VideoObjectLocation>
          <Visible>1</Visible>
          <Frame>4548</Frame>
          <AbsTime>151566.65555555557</AbsTime>
          <Label>write</Label>
          <Polygon>
            <Point>
              <X>10.0</X>
              <Y>10.0</Y>
            </Point>
            <Point>
              <X>110.0</X>
              <Y>10.0</Y>
            </Point>
            <Point>
              <X>110.0</X>
              <Y>110.0</Y>
            </Point>
            <Point>
              <X>10.0</X>
              <Y>110.0</Y>
            </Point>
          </Polygon>
        </VideoObjectLocation>
        <VideoObjectLocation>
          <Visible>1</Visible>
          <Frame>4698</Frame>
          <AbsTime>156566.65555555557</AbsTime>
          <Label>explain</Label>
          <Polygon>
            <Point>
              <X>10.0</X>
              <Y>10.0</Y>
            </Point>
            <Point>
              <X>110.0</X>
              <Y>10.0</Y>
            </Point>
            <Point>
              <X>110.0</X>
              <Y>110.0</Y>
            </Point>
            <Point>
              <X>10.0</X>
              <Y>110.0</Y>
            </Point>
          </Polygon>
        </VideoObjectLocation>
        <VideoObjectLocation>
          <Visible>1</Visible>
          <Frame>4736</Frame>
          <AbsTime>157833.32222222222</AbsTime>
          <Label>write</Label>
          <Polygon>
            <Point>
              <X>10.0</X>
              <Y>10.0</Y>
            </Point>
            <Point>
              <X>110.0</X>
              <Y>10.0</Y>
            </Point>
            <Point>
              <X>110.0</X>
              <Y>110.0</Y>
            </Point>
            <Point>
              <X>10.0</X>
              <Y>110.0</Y>
            </Point>
          </Polygon>
        </VideoObjectLocation>
        <VideoObjectLocation>
          <Visible>1</Visible>
          <Frame>4817</Frame>
          <AbsTime>160533.32222222222</AbsTime>
          <Label>explain</Label>
          <Polygon>
            <Point>
              <X>10.0</X>
              <Y>10.0</Y>
            </Point>
            <Point>
              <X>110.0</X>
              <Y>10.0</Y>
            </Point>
            <Point>
              <X>110.0</X>
              <Y>110.0</Y>
            </Point>
            <Point>
              <X>10.0</X>
              <Y>110.0</Y>
            </Point>
          </Polygon>
        </VideoObjectLocation>
        <VideoObjectLocation>
          <Visible>1</Visible>
          <Frame>4921</Frame>
          <AbsTime>163999.9888888889</AbsTime>
          <Label>out</Label>
          <Polygon>
            <Point>
              <X>10.0</X>
              <Y>10.0</Y>
            </Point>
            <Point>
              <X>110.0</X>
              <Y>10.0</Y>
            </Point>
            <Point>
              <X>110.0</X>
              <Y>110.0</Y>
            </Point>
            <Point>
              <X>10.0</X>
              <Y>110.0</Y>
            </Point>
          </Polygon>
        </VideoObjectLocation>
        <VideoObjectLocation>
          <Visible>1</Visible>
          <Frame>4958</Frame>
          <AbsTime>165233.32222222222</AbsTime>
          <Label>explain</Label>
          <Polygon>
            <Point>
              <X>10.0</X>
              <Y>10.0</Y>
            </Point>
            <Point>
              <X>110.0</X>
              <Y>10.0</Y>
            </Point>
            <Point>
              <X>110.0</X>
              <Y>110.0</Y>
            </Point>
            <Point>
              <X>10.0</X>
              <Y>110.0</Y>
            </Point>
          </Polygon>
        </VideoObjectLocation>
        <VideoObjectLocation>
          <Visible>1</Visible>
          <Frame>4998</Frame>
          <AbsTime>166566.65555555557</AbsTime>
          <Label>write</Label>
          <Polygon>
            <Point>
              <X>10.0</X>
              <Y>10.0</Y>
            </Point>
            <Point>
              <X>110.0</X>
              <Y>10.0</Y>
            </Point>
            <Point>
              <X>110.0</X>
              <Y>110.0</Y>
            </Point>
            <Point>
              <X>10.0</X>
              <Y>110.0</Y>
            </Point>
          </Polygon>
        </VideoObjectLocation>
        <VideoObjectLocation>
          <Visible>1</Visible>
          <Frame>5805</Frame>
          <AbsTime>193466.65555555557</AbsTime>
          <Label>explain</Label>
          <Polygon>
            <Point>
              <X>10.0</X>
              <Y>10.0</Y>
            </Point>
            <Point>
              <X>110.0</X>
              <Y>10.0</Y>
            </Point>
            <Point>
              <X>110.0</X>
              <Y>110.0</Y>
            </Point>
            <Point>
              <X>10.0</X>
              <Y>110.0</Y>
            </Point>
          </Polygon>
        </VideoObjectLocation>
        <VideoObjectLocation>
          <Visible>1</Visible>
          <Frame>5825</Frame>
          <AbsTime>194133.32222222222</AbsTime>
          <Label>out</Label>
          <Polygon>
            <Point>
              <X>10.0</X>
              <Y>10.0</Y>
            </Point>
            <Point>
              <X>110.0</X>
              <Y>10.0</Y>
            </Point>
            <Point>
              <X>110.0</X>
              <Y>110.0</Y>
            </Point>
            <Point>
              <X>10.0</X>
              <Y>110.0</Y>
            </Point>
          </Polygon>
        </VideoObjectLocation>
        <VideoObjectLocation>
          <Visible>1</Visible>
          <Frame>5899</Frame>
          <AbsTime>196599.9888888889</AbsTime>
          <Label>explain</Label>
          <Polygon>
            <Point>
              <X>10.0</X>
              <Y>10.0</Y>
            </Point>
            <Point>
              <X>110.0</X>
              <Y>10.0</Y>
            </Point>
            <Point>
              <X>110.0</X>
              <Y>110.0</Y>
            </Point>
            <Point>
              <X>10.0</X>
              <Y>110.0</Y>
            </Point>
          </Polygon>
        </VideoObjectLocation>
        <VideoObjectLocation>
          <Visible>1</Visible>
          <Frame>5995</Frame>
          <AbsTime>199799.98888888888</AbsTime>
          <Label>write</Label>
          <Polygon>
            <Point>
              <X>10.0</X>
              <Y>10.0</Y>
            </Point>
            <Point>
              <X>110.0</X>
              <Y>10.0</Y>
            </Point>
            <Point>
              <X>110.0</X>
              <Y>110.0</Y>
            </Point>
            <Point>
              <X>10.0</X>
              <Y>110.0</Y>
            </Point>
          </Polygon>
        </VideoObjectLocation>
        <VideoObjectLocation>
          <Visible>1</Visible>
          <Frame>6281</Frame>
          <AbsTime>209333.32222222222</AbsTime>
          <Label>explain</Label>
          <Polygon>
            <Point>
              <X>10.0</X>
              <Y>10.0</Y>
            </Point>
            <Point>
              <X>110.0</X>
              <Y>10.0</Y>
            </Point>
            <Point>
              <X>110.0</X>
              <Y>110.0</Y>
            </Point>
            <Point>
              <X>10.0</X>
              <Y>110.0</Y>
            </Point>
          </Polygon>
        </VideoObjectLocation>
        <VideoObjectLocation>
          <Visible>1</Visible>
          <Frame>6398</Frame>
          <AbsTime>213233.32222222222</AbsTime>
          <Label>out</Label>
          <Polygon>
            <Point>
              <X>10.0</X>
              <Y>10.0</Y>
            </Point>
            <Point>
              <X>110.0</X>
              <Y>10.0</Y>
            </Point>
            <Point>
              <X>110.0</X>
              <Y>110.0</Y>
            </Point>
            <Point>
              <X>10.0</X>
              <Y>110.0</Y>
            </Point>
          </Polygon>
        </VideoObjectLocation>
        <VideoObjectLocation>
          <Visible>1</Visible>
          <Frame>6428</Frame>
          <AbsTime>214233.32222222222</AbsTime>
          <Label>explain</Label>
          <Polygon>
            <Point>
              <X>10.0</X>
              <Y>10.0</Y>
            </Point>
            <Point>
              <X>110.0</X>
              <Y>10.0</Y>
            </Point>
            <Point>
              <X>110.0</X>
              <Y>110.0</Y>
            </Point>
            <Point>
              <X>10.0</X>
              <Y>110.0</Y>
            </Point>
          </Polygon>
        </VideoObjectLocation>
        <VideoObjectLocation>
          <Visible>1</Visible>
          <Frame>6471</Frame>
          <AbsTime>215666.65555555557</AbsTime>
          <Label>write</Label>
          <Polygon>
            <Point>
              <X>10.0</X>
              <Y>10.0</Y>
            </Point>
            <Point>
              <X>110.0</X>
              <Y>10.0</Y>
            </Point>
            <Point>
              <X>110.0</X>
              <Y>110.0</Y>
            </Point>
            <Point>
              <X>10.0</X>
              <Y>110.0</Y>
            </Point>
          </Polygon>
        </VideoObjectLocation>
        <VideoObjectLocation>
          <Visible>1</Visible>
          <Frame>6678</Frame>
          <AbsTime>222566.65555555557</AbsTime>
          <Label>explain</Label>
          <Polygon>
            <Point>
              <X>10.0</X>
              <Y>10.0</Y>
            </Point>
            <Point>
              <X>110.0</X>
              <Y>10.0</Y>
            </Point>
            <Point>
              <X>110.0</X>
              <Y>110.0</Y>
            </Point>
            <Point>
              <X>10.0</X>
              <Y>110.0</Y>
            </Point>
          </Polygon>
        </VideoObjectLocation>
        <VideoObjectLocation>
          <Visible>1</Visible>
          <Frame>6733</Frame>
          <AbsTime>224399.98888888888</AbsTime>
          <Label>out</Label>
          <Polygon>
            <Point>
              <X>10.0</X>
              <Y>10.0</Y>
            </Point>
            <Point>
              <X>110.0</X>
              <Y>10.0</Y>
            </Point>
            <Point>
              <X>110.0</X>
              <Y>110.0</Y>
            </Point>
            <Point>
              <X>10.0</X>
              <Y>110.0</Y>
            </Point>
          </Polygon>
        </VideoObjectLocation>
        <VideoObjectLocation>
          <Visible>1</Visible>
          <Frame>6752</Frame>
          <AbsTime>225033.32222222222</AbsTime>
          <Label>explain</Label>
          <Polygon>
            <Point>
              <X>10.0</X>
              <Y>10.0</Y>
            </Point>
            <Point>
              <X>110.0</X>
              <Y>10.0</Y>
            </Point>
            <Point>
              <X>110.0</X>
              <Y>110.0</Y>
            </Point>
            <Point>
              <X>10.0</X>
              <Y>110.0</Y>
            </Point>
          </Polygon>
        </VideoObjectLocation>
        <VideoObjectLocation>
          <Visible>1</Visible>
          <Frame>6790</Frame>
          <AbsTime>226299.98888888888</AbsTime>
          <Label>write</Label>
          <Polygon>
            <Point>
              <X>10.0</X>
              <Y>10.0</Y>
            </Point>
            <Point>
              <X>110.0</X>
              <Y>10.0</Y>
            </Point>
            <Point>
              <X>110.0</X>
              <Y>110.0</Y>
            </Point>
            <Point>
              <X>10.0</X>
              <Y>110.0</Y>
            </Point>
          </Polygon>
        </VideoObjectLocation>
        <VideoObjectLocation>
          <Visible>1</Visible>
          <Frame>7059</Frame>
          <AbsTime>235266.65555555557</AbsTime>
          <Label>explain</Label>
          <Polygon>
            <Point>
              <X>10.0</X>
              <Y>10.0</Y>
            </Point>
            <Point>
              <X>110.0</X>
              <Y>10.0</Y>
            </Point>
            <Point>
              <X>110.0</X>
              <Y>110.0</Y>
            </Point>
            <Point>
              <X>10.0</X>
              <Y>110.0</Y>
            </Point>
          </Polygon>
        </VideoObjectLocation>
        <VideoObjectLocation>
          <Visible>1</Visible>
          <Frame>7070</Frame>
          <AbsTime>235633.32222222222</AbsTime>
          <Label>out</Label>
          <Polygon>
            <Point>
              <X>10.0</X>
              <Y>10.0</Y>
            </Point>
            <Point>
              <X>110.0</X>
              <Y>10.0</Y>
            </Point>
            <Point>
              <X>110.0</X>
              <Y>110.0</Y>
            </Point>
            <Point>
              <X>10.0</X>
              <Y>110.0</Y>
            </Point>
          </Polygon>
        </VideoObjectLocation>
        <VideoObjectLocation>
          <Visible>1</Visible>
          <Frame>7097</Frame>
          <AbsTime>236533.32222222222</AbsTime>
          <Label>explain</Label>
          <Polygon>
            <Point>
              <X>10.0</X>
              <Y>10.0</Y>
            </Point>
            <Point>
              <X>110.0</X>
              <Y>10.0</Y>
            </Point>
            <Point>
              <X>110.0</X>
              <Y>110.0</Y>
            </Point>
            <Point>
              <X>10.0</X>
              <Y>110.0</Y>
            </Point>
          </Polygon>
        </VideoObjectLocation>
        <VideoObjectLocation>
          <Visible>1</Visible>
          <Frame>7106</Frame>
          <AbsTime>236833.32222222222</AbsTime>
          <Label>out</Label>
          <Polygon>
            <Point>
              <X>10.0</X>
              <Y>10.0</Y>
            </Point>
            <Point>
              <X>110.0</X>
              <Y>10.0</Y>
            </Point>
            <Point>
              <X>110.0</X>
              <Y>110.0</Y>
            </Point>
            <Point>
              <X>10.0</X>
              <Y>110.0</Y>
            </Point>
          </Polygon>
        </VideoObjectLocation>
        <VideoObjectLocation>
          <Visible>1</Visible>
          <Frame>7148</Frame>
          <AbsTime>238233.32222222222</AbsTime>
          <Label>explain</Label>
          <Polygon>
            <Point>
              <X>10.0</X>
              <Y>10.0</Y>
            </Point>
            <Point>
              <X>110.0</X>
              <Y>10.0</Y>
            </Point>
            <Point>
              <X>110.0</X>
              <Y>110.0</Y>
            </Point>
            <Point>
              <X>10.0</X>
              <Y>110.0</Y>
            </Point>
          </Polygon>
        </VideoObjectLocation>
        <VideoObjectLocation>
          <Visible>1</Visible>
          <Frame>7200</Frame>
          <AbsTime>239966.65555555557</AbsTime>
          <Label>write</Label>
          <Polygon>
            <Point>
              <X>10.0</X>
              <Y>10.0</Y>
            </Point>
            <Point>
              <X>110.0</X>
              <Y>10.0</Y>
            </Point>
            <Point>
              <X>110.0</X>
              <Y>110.0</Y>
            </Point>
            <Point>
              <X>10.0</X>
              <Y>110.0</Y>
            </Point>
          </Polygon>
        </VideoObjectLocation>
        <VideoObjectLocation>
          <Visible>1</Visible>
          <Frame>7235</Frame>
          <AbsTime>241133.32222222222</AbsTime>
          <Label>explain</Label>
          <Polygon>
            <Point>
              <X>10.0</X>
              <Y>10.0</Y>
            </Point>
            <Point>
              <X>110.0</X>
              <Y>10.0</Y>
            </Point>
            <Point>
              <X>110.0</X>
              <Y>110.0</Y>
            </Point>
            <Point>
              <X>10.0</X>
              <Y>110.0</Y>
            </Point>
          </Polygon>
        </VideoObjectLocation>
        <VideoObjectLocation>
          <Visible>1</Visible>
          <Frame>7319</Frame>
          <AbsTime>243933.32222222222</AbsTime>
          <Label>write</Label>
          <Polygon>
            <Point>
              <X>10.0</X>
              <Y>10.0</Y>
            </Point>
            <Point>
              <X>110.0</X>
              <Y>10.0</Y>
            </Point>
            <Point>
              <X>110.0</X>
              <Y>110.0</Y>
            </Point>
            <Point>
              <X>10.0</X>
              <Y>110.0</Y>
            </Point>
          </Polygon>
        </VideoObjectLocation>
        <VideoObjectLocation>
          <Visible>1</Visible>
          <Frame>7460</Frame>
          <AbsTime>248633.32222222222</AbsTime>
          <Label>explain</Label>
          <Polygon>
            <Point>
              <X>10.0</X>
              <Y>10.0</Y>
            </Point>
            <Point>
              <X>110.0</X>
              <Y>10.0</Y>
            </Point>
            <Point>
              <X>110.0</X>
              <Y>110.0</Y>
            </Point>
            <Point>
              <X>10.0</X>
              <Y>110.0</Y>
            </Point>
          </Polygon>
        </VideoObjectLocation>
        <VideoObjectLocation>
          <Visible>1</Visible>
          <Frame>7536</Frame>
          <AbsTime>251166.65555555557</AbsTime>
          <Label>write</Label>
          <Polygon>
            <Point>
              <X>10.0</X>
              <Y>10.0</Y>
            </Point>
            <Point>
              <X>110.0</X>
              <Y>10.0</Y>
            </Point>
            <Point>
              <X>110.0</X>
              <Y>110.0</Y>
            </Point>
            <Point>
              <X>10.0</X>
              <Y>110.0</Y>
            </Point>
          </Polygon>
        </VideoObjectLocation>
        <VideoObjectLocation>
          <Visible>1</Visible>
          <Frame>7545</Frame>
          <AbsTime>251466.65555555557</AbsTime>
          <Label>explain</Label>
          <Polygon>
            <Point>
              <X>10.0</X>
              <Y>10.0</Y>
            </Point>
            <Point>
              <X>110.0</X>
              <Y>10.0</Y>
            </Point>
            <Point>
              <X>110.0</X>
              <Y>110.0</Y>
            </Point>
            <Point>
              <X>10.0</X>
              <Y>110.0</Y>
            </Point>
          </Polygon>
        </VideoObjectLocation>
        <VideoObjectLocation>
          <Visible>1</Visible>
          <Frame>7720</Frame>
          <AbsTime>257299.9888888889</AbsTime>
          <Label>write</Label>
          <Polygon>
            <Point>
              <X>10.0</X>
              <Y>10.0</Y>
            </Point>
            <Point>
              <X>110.0</X>
              <Y>10.0</Y>
            </Point>
            <Point>
              <X>110.0</X>
              <Y>110.0</Y>
            </Point>
            <Point>
              <X>10.0</X>
              <Y>110.0</Y>
            </Point>
          </Polygon>
        </VideoObjectLocation>
        <VideoObjectLocation>
          <Visible>1</Visible>
          <Frame>7856</Frame>
          <AbsTime>261833.32222222222</AbsTime>
          <Label>explain</Label>
          <Polygon>
            <Point>
              <X>10.0</X>
              <Y>10.0</Y>
            </Point>
            <Point>
              <X>110.0</X>
              <Y>10.0</Y>
            </Point>
            <Point>
              <X>110.0</X>
              <Y>110.0</Y>
            </Point>
            <Point>
              <X>10.0</X>
              <Y>110.0</Y>
            </Point>
          </Polygon>
        </VideoObjectLocation>
        <VideoObjectLocation>
          <Visible>1</Visible>
          <Frame>7920</Frame>
          <AbsTime>263966.6555555556</AbsTime>
          <Label>out</Label>
          <Polygon>
            <Point>
              <X>10.0</X>
              <Y>10.0</Y>
            </Point>
            <Point>
              <X>110.0</X>
              <Y>10.0</Y>
            </Point>
            <Point>
              <X>110.0</X>
              <Y>110.0</Y>
            </Point>
            <Point>
              <X>10.0</X>
              <Y>110.0</Y>
            </Point>
          </Polygon>
        </VideoObjectLocation>
        <VideoObjectLocation>
          <Visible>1</Visible>
          <Frame>7952</Frame>
          <AbsTime>265033.3222222222</AbsTime>
          <Label>explain</Label>
          <Polygon>
            <Point>
              <X>10.0</X>
              <Y>10.0</Y>
            </Point>
            <Point>
              <X>110.0</X>
              <Y>10.0</Y>
            </Point>
            <Point>
              <X>110.0</X>
              <Y>110.0</Y>
            </Point>
            <Point>
              <X>10.0</X>
              <Y>110.0</Y>
            </Point>
          </Polygon>
        </VideoObjectLocation>
        <VideoObjectLocation>
          <Visible>1</Visible>
          <Frame>7984</Frame>
          <AbsTime>266099.98888888885</AbsTime>
          <Label>write</Label>
          <Polygon>
            <Point>
              <X>10.0</X>
              <Y>10.0</Y>
            </Point>
            <Point>
              <X>110.0</X>
              <Y>10.0</Y>
            </Point>
            <Point>
              <X>110.0</X>
              <Y>110.0</Y>
            </Point>
            <Point>
              <X>10.0</X>
              <Y>110.0</Y>
            </Point>
          </Polygon>
        </VideoObjectLocation>
        <VideoObjectLocation>
          <Visible>1</Visible>
          <Frame>8209</Frame>
          <AbsTime>273599.98888888885</AbsTime>
          <Label>explain</Label>
          <Polygon>
            <Point>
              <X>10.0</X>
              <Y>10.0</Y>
            </Point>
            <Point>
              <X>110.0</X>
              <Y>10.0</Y>
            </Point>
            <Point>
              <X>110.0</X>
              <Y>110.0</Y>
            </Point>
            <Point>
              <X>10.0</X>
              <Y>110.0</Y>
            </Point>
          </Polygon>
        </VideoObjectLocation>
        <VideoObjectLocation>
          <Visible>1</Visible>
          <Frame>8230</Frame>
          <AbsTime>274299.9888888889</AbsTime>
          <Label>out</Label>
          <Polygon>
            <Point>
              <X>10.0</X>
              <Y>10.0</Y>
            </Point>
            <Point>
              <X>110.0</X>
              <Y>10.0</Y>
            </Point>
            <Point>
              <X>110.0</X>
              <Y>110.0</Y>
            </Point>
            <Point>
              <X>10.0</X>
              <Y>110.0</Y>
            </Point>
          </Polygon>
        </VideoObjectLocation>
        <VideoObjectLocation>
          <Visible>1</Visible>
          <Frame>8296</Frame>
          <AbsTime>276499.9888888889</AbsTime>
          <Label>explain</Label>
          <Polygon>
            <Point>
              <X>10.0</X>
              <Y>10.0</Y>
            </Point>
            <Point>
              <X>110.0</X>
              <Y>10.0</Y>
            </Point>
            <Point>
              <X>110.0</X>
              <Y>110.0</Y>
            </Point>
            <Point>
              <X>10.0</X>
              <Y>110.0</Y>
            </Point>
          </Polygon>
        </VideoObjectLocation>
        <VideoObjectLocation>
          <Visible>1</Visible>
          <Frame>8347</Frame>
          <AbsTime>278199.9888888889</AbsTime>
          <Label>write</Label>
          <Polygon>
            <Point>
              <X>10.0</X>
              <Y>10.0</Y>
            </Point>
            <Point>
              <X>110.0</X>
              <Y>10.0</Y>
            </Point>
            <Point>
              <X>110.0</X>
              <Y>110.0</Y>
            </Point>
            <Point>
              <X>10.0</X>
              <Y>110.0</Y>
            </Point>
          </Polygon>
        </VideoObjectLocation>
        <VideoObjectLocation>
          <Visible>1</Visible>
          <Frame>8576</Frame>
          <AbsTime>285833.3222222222</AbsTime>
          <Label>explain</Label>
          <Polygon>
            <Point>
              <X>10.0</X>
              <Y>10.0</Y>
            </Point>
            <Point>
              <X>110.0</X>
              <Y>10.0</Y>
            </Point>
            <Point>
              <X>110.0</X>
              <Y>110.0</Y>
            </Point>
            <Point>
              <X>10.0</X>
              <Y>110.0</Y>
            </Point>
          </Polygon>
        </VideoObjectLocation>
        <VideoObjectLocation>
          <Visible>1</Visible>
          <Frame>8731</Frame>
          <AbsTime>290999.9888888889</AbsTime>
          <Label>write</Label>
          <Polygon>
            <Point>
              <X>10.0</X>
              <Y>10.0</Y>
            </Point>
            <Point>
              <X>110.0</X>
              <Y>10.0</Y>
            </Point>
            <Point>
              <X>110.0</X>
              <Y>110.0</Y>
            </Point>
            <Point>
              <X>10.0</X>
              <Y>110.0</Y>
            </Point>
          </Polygon>
        </VideoObjectLocation>
        <VideoObjectLocation>
          <Visible>1</Visible>
          <Frame>8801</Frame>
          <AbsTime>293333.3222222222</AbsTime>
          <Label>change</Label>
          <Polygon>
            <Point>
              <X>10.0</X>
              <Y>10.0</Y>
            </Point>
            <Point>
              <X>110.0</X>
              <Y>10.0</Y>
            </Point>
            <Point>
              <X>110.0</X>
              <Y>110.0</Y>
            </Point>
            <Point>
              <X>10.0</X>
              <Y>110.0</Y>
            </Point>
          </Polygon>
        </VideoObjectLocation>
        <VideoObjectLocation>
          <Visible>1</Visible>
          <Frame>8851</Frame>
          <AbsTime>294999.9888888889</AbsTime>
          <Label>explain</Label>
          <Polygon>
            <Point>
              <X>10.0</X>
              <Y>10.0</Y>
            </Point>
            <Point>
              <X>110.0</X>
              <Y>10.0</Y>
            </Point>
            <Point>
              <X>110.0</X>
              <Y>110.0</Y>
            </Point>
            <Point>
              <X>10.0</X>
              <Y>110.0</Y>
            </Point>
          </Polygon>
        </VideoObjectLocation>
        <VideoObjectLocation>
          <Visible>1</Visible>
          <Frame>8883</Frame>
          <AbsTime>296066.65555555554</AbsTime>
          <Label>write</Label>
          <Polygon>
            <Point>
              <X>10.0</X>
              <Y>10.0</Y>
            </Point>
            <Point>
              <X>110.0</X>
              <Y>10.0</Y>
            </Point>
            <Point>
              <X>110.0</X>
              <Y>110.0</Y>
            </Point>
            <Point>
              <X>10.0</X>
              <Y>110.0</Y>
            </Point>
          </Polygon>
        </VideoObjectLocation>
        <VideoObjectLocation>
          <Visible>1</Visible>
          <Frame>9329</Frame>
          <AbsTime>310933.3222222222</AbsTime>
          <Label>change</Label>
          <Polygon>
            <Point>
              <X>10.0</X>
              <Y>10.0</Y>
            </Point>
            <Point>
              <X>110.0</X>
              <Y>10.0</Y>
            </Point>
            <Point>
              <X>110.0</X>
              <Y>110.0</Y>
            </Point>
            <Point>
              <X>10.0</X>
              <Y>110.0</Y>
            </Point>
          </Polygon>
        </VideoObjectLocation>
        <VideoObjectLocation>
          <Visible>1</Visible>
          <Frame>9374</Frame>
          <AbsTime>312433.3222222222</AbsTime>
          <Label>explain</Label>
          <Polygon>
            <Point>
              <X>10.0</X>
              <Y>10.0</Y>
            </Point>
            <Point>
              <X>110.0</X>
              <Y>10.0</Y>
            </Point>
            <Point>
              <X>110.0</X>
              <Y>110.0</Y>
            </Point>
            <Point>
              <X>10.0</X>
              <Y>110.0</Y>
            </Point>
          </Polygon>
        </VideoObjectLocation>
        <VideoObjectLocation>
          <Visible>1</Visible>
          <Frame>9393</Frame>
          <AbsTime>313066.6555555556</AbsTime>
          <Label>write</Label>
          <Polygon>
            <Point>
              <X>10.0</X>
              <Y>10.0</Y>
            </Point>
            <Point>
              <X>110.0</X>
              <Y>10.0</Y>
            </Point>
            <Point>
              <X>110.0</X>
              <Y>110.0</Y>
            </Point>
            <Point>
              <X>10.0</X>
              <Y>110.0</Y>
            </Point>
          </Polygon>
        </VideoObjectLocation>
        <VideoObjectLocation>
          <Visible>1</Visible>
          <Frame>9456</Frame>
          <AbsTime>315166.65555555554</AbsTime>
          <Label>explain</Label>
          <Polygon>
            <Point>
              <X>10.0</X>
              <Y>10.0</Y>
            </Point>
            <Point>
              <X>110.0</X>
              <Y>10.0</Y>
            </Point>
            <Point>
              <X>110.0</X>
              <Y>110.0</Y>
            </Point>
            <Point>
              <X>10.0</X>
              <Y>110.0</Y>
            </Point>
          </Polygon>
        </VideoObjectLocation>
        <VideoObjectLocation>
          <Visible>1</Visible>
          <Frame>9464</Frame>
          <AbsTime>315433.3222222222</AbsTime>
          <Label>change</Label>
          <Polygon>
            <Point>
              <X>10.0</X>
              <Y>10.0</Y>
            </Point>
            <Point>
              <X>110.0</X>
              <Y>10.0</Y>
            </Point>
            <Point>
              <X>110.0</X>
              <Y>110.0</Y>
            </Point>
            <Point>
              <X>10.0</X>
              <Y>110.0</Y>
            </Point>
          </Polygon>
        </VideoObjectLocation>
        <VideoObjectLocation>
          <Visible>1</Visible>
          <Frame>9497</Frame>
          <AbsTime>316533.3222222223</AbsTime>
          <Label>explain</Label>
          <Polygon>
            <Point>
              <X>10.0</X>
              <Y>10.0</Y>
            </Point>
            <Point>
              <X>110.0</X>
              <Y>10.0</Y>
            </Point>
            <Point>
              <X>110.0</X>
              <Y>110.0</Y>
            </Point>
            <Point>
              <X>10.0</X>
              <Y>110.0</Y>
            </Point>
          </Polygon>
        </VideoObjectLocation>
        <VideoObjectLocation>
          <Visible>1</Visible>
          <Frame>9540</Frame>
          <AbsTime>317966.6555555556</AbsTime>
          <Label>write</Label>
          <Polygon>
            <Point>
              <X>10.0</X>
              <Y>10.0</Y>
            </Point>
            <Point>
              <X>110.0</X>
              <Y>10.0</Y>
            </Point>
            <Point>
              <X>110.0</X>
              <Y>110.0</Y>
            </Point>
            <Point>
              <X>10.0</X>
              <Y>110.0</Y>
            </Point>
          </Polygon>
        </VideoObjectLocation>
        <VideoObjectLocation>
          <Visible>1</Visible>
          <Frame>9647</Frame>
          <AbsTime>321533.3222222223</AbsTime>
          <Label>explain</Label>
          <Polygon>
            <Point>
              <X>10.0</X>
              <Y>10.0</Y>
            </Point>
            <Point>
              <X>110.0</X>
              <Y>10.0</Y>
            </Point>
            <Point>
              <X>110.0</X>
              <Y>110.0</Y>
            </Point>
            <Point>
              <X>10.0</X>
              <Y>110.0</Y>
            </Point>
          </Polygon>
        </VideoObjectLocation>
        <VideoObjectLocation>
          <Visible>1</Visible>
          <Frame>9668</Frame>
          <AbsTime>322233.3222222222</AbsTime>
          <Label>out</Label>
          <Polygon>
            <Point>
              <X>10.0</X>
              <Y>10.0</Y>
            </Point>
            <Point>
              <X>110.0</X>
              <Y>10.0</Y>
            </Point>
            <Point>
              <X>110.0</X>
              <Y>110.0</Y>
            </Point>
            <Point>
              <X>10.0</X>
              <Y>110.0</Y>
            </Point>
          </Polygon>
        </VideoObjectLocation>
        <VideoObjectLocation>
          <Visible>1</Visible>
          <Frame>9717</Frame>
          <AbsTime>323866.65555555554</AbsTime>
          <Label>explain</Label>
          <Polygon>
            <Point>
              <X>10.0</X>
              <Y>10.0</Y>
            </Point>
            <Point>
              <X>110.0</X>
              <Y>10.0</Y>
            </Point>
            <Point>
              <X>110.0</X>
              <Y>110.0</Y>
            </Point>
            <Point>
              <X>10.0</X>
              <Y>110.0</Y>
            </Point>
          </Polygon>
        </VideoObjectLocation>
        <VideoObjectLocation>
          <Visible>1</Visible>
          <Frame>9750</Frame>
          <AbsTime>324966.6555555556</AbsTime>
          <Label>write</Label>
          <Polygon>
            <Point>
              <X>10.0</X>
              <Y>10.0</Y>
            </Point>
            <Point>
              <X>110.0</X>
              <Y>10.0</Y>
            </Point>
            <Point>
              <X>110.0</X>
              <Y>110.0</Y>
            </Point>
            <Point>
              <X>10.0</X>
              <Y>110.0</Y>
            </Point>
          </Polygon>
        </VideoObjectLocation>
        <VideoObjectLocation>
          <Visible>1</Visible>
          <Frame>9794</Frame>
          <AbsTime>326433.3222222222</AbsTime>
          <Label>explain</Label>
          <Polygon>
            <Point>
              <X>10.0</X>
              <Y>10.0</Y>
            </Point>
            <Point>
              <X>110.0</X>
              <Y>10.0</Y>
            </Point>
            <Point>
              <X>110.0</X>
              <Y>110.0</Y>
            </Point>
            <Point>
              <X>10.0</X>
              <Y>110.0</Y>
            </Point>
          </Polygon>
        </VideoObjectLocation>
        <VideoObjectLocation>
          <Visible>1</Visible>
          <Frame>10076</Frame>
          <AbsTime>335833.3222222222</AbsTime>
          <Label>out</Label>
          <Polygon>
            <Point>
              <X>10.0</X>
              <Y>10.0</Y>
            </Point>
            <Point>
              <X>110.0</X>
              <Y>10.0</Y>
            </Point>
            <Point>
              <X>110.0</X>
              <Y>110.0</Y>
            </Point>
            <Point>
              <X>10.0</X>
              <Y>110.0</Y>
            </Point>
          </Polygon>
        </VideoObjectLocation>
    </VideoObjectLocations>
  </VideoObject>
  </VideoObjects>
  <VideoSegments>
    <VideoSegment>
        <Start>0</Start>
        <End>10845</End>
    </VideoSegment>
  </VideoSegments>
  <VideoKeyFrames>
  </VideoKeyFrames>
</Annotations>
