<Annotations>
  <Database>LectureMath</Database>
  <Lecture>00013_005_019</Lecture>
  <Filename>whiteboards_2020/output/annotations/LectureMath_00013_005_019.xml</Filename>
  <VideoFiles>
     <VideoFile>whiteboards_2020/export_frames/00013_005_019/JPEGImages</VideoFile>
  </VideoFiles>
  <DrawingInfo>
     <Canvas>
         <X>10</X>
         <Y>60</Y>
         <W>1040</W>
         <H>620</H>
     </Canvas>
     <Player>
         <ControlArea>
             <X>50</X>
             <Y>100</Y>
             <W>960</W>
             <H>540</H>
         </ControlArea>
         <RenderArea>
             <X>50.0</X>
             <Y>100.0</Y>
             <W>960</W>
             <H>540</H>
         </RenderArea>
     </Player>
  </DrawingInfo>
  <VideoObjects>
  <VideoObject>
    <Id>speaker</Id>
    <Name>speaker</Name>
    <Shape>0</Shape>
    <VideoObjectLocations>
        <VideoObjectLocation>
          <Visible>1</Visible>
          <Frame>95</Frame>
          <AbsTime>3133.322222222222</AbsTime>
          <Label>out</Label>
          <Polygon>
            <Point>
              <X>10.0</X>
              <Y>10.0</Y>
            </Point>
            <Point>
              <X>110.0</X>
              <Y>10.0</Y>
            </Point>
            <Point>
              <X>110.0</X>
              <Y>110.0</Y>
            </Point>
            <Point>
              <X>10.0</X>
              <Y>110.0</Y>
            </Point>
          </Polygon>
        </VideoObjectLocation>
        <VideoObjectLocation>
          <Visible>1</Visible>
          <Frame>151</Frame>
          <AbsTime>4999.988888888889</AbsTime>
          <Label>explain</Label>
          <Polygon>
            <Point>
              <X>10.0</X>
              <Y>10.0</Y>
            </Point>
            <Point>
              <X>110.0</X>
              <Y>10.0</Y>
            </Point>
            <Point>
              <X>110.0</X>
              <Y>110.0</Y>
            </Point>
            <Point>
              <X>10.0</X>
              <Y>110.0</Y>
            </Point>
          </Polygon>
        </VideoObjectLocation>
        <VideoObjectLocation>
          <Visible>1</Visible>
          <Frame>346</Frame>
          <AbsTime>11499.98888888889</AbsTime>
          <Label>write</Label>
          <Polygon>
            <Point>
              <X>10.0</X>
              <Y>10.0</Y>
            </Point>
            <Point>
              <X>110.0</X>
              <Y>10.0</Y>
            </Point>
            <Point>
              <X>110.0</X>
              <Y>110.0</Y>
            </Point>
            <Point>
              <X>10.0</X>
              <Y>110.0</Y>
            </Point>
          </Polygon>
        </VideoObjectLocation>
        <VideoObjectLocation>
          <Visible>1</Visible>
          <Frame>365</Frame>
          <AbsTime>12133.322222222223</AbsTime>
          <Label>explain</Label>
          <Polygon>
            <Point>
              <X>10.0</X>
              <Y>10.0</Y>
            </Point>
            <Point>
              <X>110.0</X>
              <Y>10.0</Y>
            </Point>
            <Point>
              <X>110.0</X>
              <Y>110.0</Y>
            </Point>
            <Point>
              <X>10.0</X>
              <Y>110.0</Y>
            </Point>
          </Polygon>
        </VideoObjectLocation>
        <VideoObjectLocation>
          <Visible>1</Visible>
          <Frame>492</Frame>
          <AbsTime>16366.655555555557</AbsTime>
          <Label>write</Label>
          <Polygon>
            <Point>
              <X>10.0</X>
              <Y>10.0</Y>
            </Point>
            <Point>
              <X>110.0</X>
              <Y>10.0</Y>
            </Point>
            <Point>
              <X>110.0</X>
              <Y>110.0</Y>
            </Point>
            <Point>
              <X>10.0</X>
              <Y>110.0</Y>
            </Point>
          </Polygon>
        </VideoObjectLocation>
        <VideoObjectLocation>
          <Visible>1</Visible>
          <Frame>542</Frame>
          <AbsTime>18033.32222222222</AbsTime>
          <Label>explain</Label>
          <Polygon>
            <Point>
              <X>10.0</X>
              <Y>10.0</Y>
            </Point>
            <Point>
              <X>110.0</X>
              <Y>10.0</Y>
            </Point>
            <Point>
              <X>110.0</X>
              <Y>110.0</Y>
            </Point>
            <Point>
              <X>10.0</X>
              <Y>110.0</Y>
            </Point>
          </Polygon>
        </VideoObjectLocation>
        <VideoObjectLocation>
          <Visible>1</Visible>
          <Frame>659</Frame>
          <AbsTime>21933.322222222225</AbsTime>
          <Label>write</Label>
          <Polygon>
            <Point>
              <X>10.0</X>
              <Y>10.0</Y>
            </Point>
            <Point>
              <X>110.0</X>
              <Y>10.0</Y>
            </Point>
            <Point>
              <X>110.0</X>
              <Y>110.0</Y>
            </Point>
            <Point>
              <X>10.0</X>
              <Y>110.0</Y>
            </Point>
          </Polygon>
        </VideoObjectLocation>
        <VideoObjectLocation>
          <Visible>1</Visible>
          <Frame>704</Frame>
          <AbsTime>23433.322222222225</AbsTime>
          <Label>explain</Label>
          <Polygon>
            <Point>
              <X>10.0</X>
              <Y>10.0</Y>
            </Point>
            <Point>
              <X>110.0</X>
              <Y>10.0</Y>
            </Point>
            <Point>
              <X>110.0</X>
              <Y>110.0</Y>
            </Point>
            <Point>
              <X>10.0</X>
              <Y>110.0</Y>
            </Point>
          </Polygon>
        </VideoObjectLocation>
        <VideoObjectLocation>
          <Visible>1</Visible>
          <Frame>821</Frame>
          <AbsTime>27333.322222222225</AbsTime>
          <Label>write</Label>
          <Polygon>
            <Point>
              <X>10.0</X>
              <Y>10.0</Y>
            </Point>
            <Point>
              <X>110.0</X>
              <Y>10.0</Y>
            </Point>
            <Point>
              <X>110.0</X>
              <Y>110.0</Y>
            </Point>
            <Point>
              <X>10.0</X>
              <Y>110.0</Y>
            </Point>
          </Polygon>
        </VideoObjectLocation>
        <VideoObjectLocation>
          <Visible>1</Visible>
          <Frame>909</Frame>
          <AbsTime>30266.655555555557</AbsTime>
          <Label>explain</Label>
          <Polygon>
            <Point>
              <X>10.0</X>
              <Y>10.0</Y>
            </Point>
            <Point>
              <X>110.0</X>
              <Y>10.0</Y>
            </Point>
            <Point>
              <X>110.0</X>
              <Y>110.0</Y>
            </Point>
            <Point>
              <X>10.0</X>
              <Y>110.0</Y>
            </Point>
          </Polygon>
        </VideoObjectLocation>
        <VideoObjectLocation>
          <Visible>1</Visible>
          <Frame>935</Frame>
          <AbsTime>31133.322222222225</AbsTime>
          <Label>out</Label>
          <Polygon>
            <Point>
              <X>10.0</X>
              <Y>10.0</Y>
            </Point>
            <Point>
              <X>110.0</X>
              <Y>10.0</Y>
            </Point>
            <Point>
              <X>110.0</X>
              <Y>110.0</Y>
            </Point>
            <Point>
              <X>10.0</X>
              <Y>110.0</Y>
            </Point>
          </Polygon>
        </VideoObjectLocation>
        <VideoObjectLocation>
          <Visible>1</Visible>
          <Frame>982</Frame>
          <AbsTime>32699.988888888893</AbsTime>
          <Label>explain</Label>
          <Polygon>
            <Point>
              <X>10.0</X>
              <Y>10.0</Y>
            </Point>
            <Point>
              <X>110.0</X>
              <Y>10.0</Y>
            </Point>
            <Point>
              <X>110.0</X>
              <Y>110.0</Y>
            </Point>
            <Point>
              <X>10.0</X>
              <Y>110.0</Y>
            </Point>
          </Polygon>
        </VideoObjectLocation>
        <VideoObjectLocation>
          <Visible>1</Visible>
          <Frame>1018</Frame>
          <AbsTime>33899.98888888889</AbsTime>
          <Label>write</Label>
          <Polygon>
            <Point>
              <X>10.0</X>
              <Y>10.0</Y>
            </Point>
            <Point>
              <X>110.0</X>
              <Y>10.0</Y>
            </Point>
            <Point>
              <X>110.0</X>
              <Y>110.0</Y>
            </Point>
            <Point>
              <X>10.0</X>
              <Y>110.0</Y>
            </Point>
          </Polygon>
        </VideoObjectLocation>
        <VideoObjectLocation>
          <Visible>1</Visible>
          <Frame>1073</Frame>
          <AbsTime>35733.322222222225</AbsTime>
          <Label>explain</Label>
          <Polygon>
            <Point>
              <X>10.0</X>
              <Y>10.0</Y>
            </Point>
            <Point>
              <X>110.0</X>
              <Y>10.0</Y>
            </Point>
            <Point>
              <X>110.0</X>
              <Y>110.0</Y>
            </Point>
            <Point>
              <X>10.0</X>
              <Y>110.0</Y>
            </Point>
          </Polygon>
        </VideoObjectLocation>
        <VideoObjectLocation>
          <Visible>1</Visible>
          <Frame>1162</Frame>
          <AbsTime>38699.988888888896</AbsTime>
          <Label>write</Label>
          <Polygon>
            <Point>
              <X>10.0</X>
              <Y>10.0</Y>
            </Point>
            <Point>
              <X>110.0</X>
              <Y>10.0</Y>
            </Point>
            <Point>
              <X>110.0</X>
              <Y>110.0</Y>
            </Point>
            <Point>
              <X>10.0</X>
              <Y>110.0</Y>
            </Point>
          </Polygon>
        </VideoObjectLocation>
        <VideoObjectLocation>
          <Visible>1</Visible>
          <Frame>1457</Frame>
          <AbsTime>48533.32222222222</AbsTime>
          <Label>explain</Label>
          <Polygon>
            <Point>
              <X>10.0</X>
              <Y>10.0</Y>
            </Point>
            <Point>
              <X>110.0</X>
              <Y>10.0</Y>
            </Point>
            <Point>
              <X>110.0</X>
              <Y>110.0</Y>
            </Point>
            <Point>
              <X>10.0</X>
              <Y>110.0</Y>
            </Point>
          </Polygon>
        </VideoObjectLocation>
        <VideoObjectLocation>
          <Visible>1</Visible>
          <Frame>1526</Frame>
          <AbsTime>50833.322222222225</AbsTime>
          <Label>out</Label>
          <Polygon>
            <Point>
              <X>10.0</X>
              <Y>10.0</Y>
            </Point>
            <Point>
              <X>110.0</X>
              <Y>10.0</Y>
            </Point>
            <Point>
              <X>110.0</X>
              <Y>110.0</Y>
            </Point>
            <Point>
              <X>10.0</X>
              <Y>110.0</Y>
            </Point>
          </Polygon>
        </VideoObjectLocation>
        <VideoObjectLocation>
          <Visible>1</Visible>
          <Frame>1553</Frame>
          <AbsTime>51733.322222222225</AbsTime>
          <Label>explain</Label>
          <Polygon>
            <Point>
              <X>10.0</X>
              <Y>10.0</Y>
            </Point>
            <Point>
              <X>110.0</X>
              <Y>10.0</Y>
            </Point>
            <Point>
              <X>110.0</X>
              <Y>110.0</Y>
            </Point>
            <Point>
              <X>10.0</X>
              <Y>110.0</Y>
            </Point>
          </Polygon>
        </VideoObjectLocation>
        <VideoObjectLocation>
          <Visible>1</Visible>
          <Frame>1685</Frame>
          <AbsTime>56133.322222222225</AbsTime>
          <Label>out</Label>
          <Polygon>
            <Point>
              <X>10.0</X>
              <Y>10.0</Y>
            </Point>
            <Point>
              <X>110.0</X>
              <Y>10.0</Y>
            </Point>
            <Point>
              <X>110.0</X>
              <Y>110.0</Y>
            </Point>
            <Point>
              <X>10.0</X>
              <Y>110.0</Y>
            </Point>
          </Polygon>
        </VideoObjectLocation>
        <VideoObjectLocation>
          <Visible>1</Visible>
          <Frame>1769</Frame>
          <AbsTime>58933.322222222225</AbsTime>
          <Label>explain</Label>
          <Polygon>
            <Point>
              <X>10.0</X>
              <Y>10.0</Y>
            </Point>
            <Point>
              <X>110.0</X>
              <Y>10.0</Y>
            </Point>
            <Point>
              <X>110.0</X>
              <Y>110.0</Y>
            </Point>
            <Point>
              <X>10.0</X>
              <Y>110.0</Y>
            </Point>
          </Polygon>
        </VideoObjectLocation>
        <VideoObjectLocation>
          <Visible>1</Visible>
          <Frame>2157</Frame>
          <AbsTime>71866.65555555555</AbsTime>
          <Label>write</Label>
          <Polygon>
            <Point>
              <X>10.0</X>
              <Y>10.0</Y>
            </Point>
            <Point>
              <X>110.0</X>
              <Y>10.0</Y>
            </Point>
            <Point>
              <X>110.0</X>
              <Y>110.0</Y>
            </Point>
            <Point>
              <X>10.0</X>
              <Y>110.0</Y>
            </Point>
          </Polygon>
        </VideoObjectLocation>
        <VideoObjectLocation>
          <Visible>1</Visible>
          <Frame>2556</Frame>
          <AbsTime>85166.65555555557</AbsTime>
          <Label>explain</Label>
          <Polygon>
            <Point>
              <X>10.0</X>
              <Y>10.0</Y>
            </Point>
            <Point>
              <X>110.0</X>
              <Y>10.0</Y>
            </Point>
            <Point>
              <X>110.0</X>
              <Y>110.0</Y>
            </Point>
            <Point>
              <X>10.0</X>
              <Y>110.0</Y>
            </Point>
          </Polygon>
        </VideoObjectLocation>
        <VideoObjectLocation>
          <Visible>1</Visible>
          <Frame>3100</Frame>
          <AbsTime>103299.9888888889</AbsTime>
          <Label>write</Label>
          <Polygon>
            <Point>
              <X>10.0</X>
              <Y>10.0</Y>
            </Point>
            <Point>
              <X>110.0</X>
              <Y>10.0</Y>
            </Point>
            <Point>
              <X>110.0</X>
              <Y>110.0</Y>
            </Point>
            <Point>
              <X>10.0</X>
              <Y>110.0</Y>
            </Point>
          </Polygon>
        </VideoObjectLocation>
        <VideoObjectLocation>
          <Visible>1</Visible>
          <Frame>3349</Frame>
          <AbsTime>111599.9888888889</AbsTime>
          <Label>explain</Label>
          <Polygon>
            <Point>
              <X>10.0</X>
              <Y>10.0</Y>
            </Point>
            <Point>
              <X>110.0</X>
              <Y>10.0</Y>
            </Point>
            <Point>
              <X>110.0</X>
              <Y>110.0</Y>
            </Point>
            <Point>
              <X>10.0</X>
              <Y>110.0</Y>
            </Point>
          </Polygon>
        </VideoObjectLocation>
        <VideoObjectLocation>
          <Visible>1</Visible>
          <Frame>3433</Frame>
          <AbsTime>114399.9888888889</AbsTime>
          <Label>write</Label>
          <Polygon>
            <Point>
              <X>10.0</X>
              <Y>10.0</Y>
            </Point>
            <Point>
              <X>110.0</X>
              <Y>10.0</Y>
            </Point>
            <Point>
              <X>110.0</X>
              <Y>110.0</Y>
            </Point>
            <Point>
              <X>10.0</X>
              <Y>110.0</Y>
            </Point>
          </Polygon>
        </VideoObjectLocation>
        <VideoObjectLocation>
          <Visible>1</Visible>
          <Frame>3710</Frame>
          <AbsTime>123633.32222222222</AbsTime>
          <Label>explain</Label>
          <Polygon>
            <Point>
              <X>10.0</X>
              <Y>10.0</Y>
            </Point>
            <Point>
              <X>110.0</X>
              <Y>10.0</Y>
            </Point>
            <Point>
              <X>110.0</X>
              <Y>110.0</Y>
            </Point>
            <Point>
              <X>10.0</X>
              <Y>110.0</Y>
            </Point>
          </Polygon>
        </VideoObjectLocation>
        <VideoObjectLocation>
          <Visible>1</Visible>
          <Frame>3793</Frame>
          <AbsTime>126399.9888888889</AbsTime>
          <Label>write</Label>
          <Polygon>
            <Point>
              <X>10.0</X>
              <Y>10.0</Y>
            </Point>
            <Point>
              <X>110.0</X>
              <Y>10.0</Y>
            </Point>
            <Point>
              <X>110.0</X>
              <Y>110.0</Y>
            </Point>
            <Point>
              <X>10.0</X>
              <Y>110.0</Y>
            </Point>
          </Polygon>
        </VideoObjectLocation>
        <VideoObjectLocation>
          <Visible>1</Visible>
          <Frame>4007</Frame>
          <AbsTime>133533.32222222222</AbsTime>
          <Label>explain</Label>
          <Polygon>
            <Point>
              <X>10.0</X>
              <Y>10.0</Y>
            </Point>
            <Point>
              <X>110.0</X>
              <Y>10.0</Y>
            </Point>
            <Point>
              <X>110.0</X>
              <Y>110.0</Y>
            </Point>
            <Point>
              <X>10.0</X>
              <Y>110.0</Y>
            </Point>
          </Polygon>
        </VideoObjectLocation>
        <VideoObjectLocation>
          <Visible>1</Visible>
          <Frame>4025</Frame>
          <AbsTime>134133.32222222222</AbsTime>
          <Label>out</Label>
          <Polygon>
            <Point>
              <X>10.0</X>
              <Y>10.0</Y>
            </Point>
            <Point>
              <X>110.0</X>
              <Y>10.0</Y>
            </Point>
            <Point>
              <X>110.0</X>
              <Y>110.0</Y>
            </Point>
            <Point>
              <X>10.0</X>
              <Y>110.0</Y>
            </Point>
          </Polygon>
        </VideoObjectLocation>
        <VideoObjectLocation>
          <Visible>1</Visible>
          <Frame>4077</Frame>
          <AbsTime>135866.65555555554</AbsTime>
          <Label>explain</Label>
          <Polygon>
            <Point>
              <X>10.0</X>
              <Y>10.0</Y>
            </Point>
            <Point>
              <X>110.0</X>
              <Y>10.0</Y>
            </Point>
            <Point>
              <X>110.0</X>
              <Y>110.0</Y>
            </Point>
            <Point>
              <X>10.0</X>
              <Y>110.0</Y>
            </Point>
          </Polygon>
        </VideoObjectLocation>
        <VideoObjectLocation>
          <Visible>1</Visible>
          <Frame>4102</Frame>
          <AbsTime>136699.9888888889</AbsTime>
          <Label>write</Label>
          <Polygon>
            <Point>
              <X>10.0</X>
              <Y>10.0</Y>
            </Point>
            <Point>
              <X>110.0</X>
              <Y>10.0</Y>
            </Point>
            <Point>
              <X>110.0</X>
              <Y>110.0</Y>
            </Point>
            <Point>
              <X>10.0</X>
              <Y>110.0</Y>
            </Point>
          </Polygon>
        </VideoObjectLocation>
        <VideoObjectLocation>
          <Visible>1</Visible>
          <Frame>4127</Frame>
          <AbsTime>137533.32222222222</AbsTime>
          <Label>explain</Label>
          <Polygon>
            <Point>
              <X>10.0</X>
              <Y>10.0</Y>
            </Point>
            <Point>
              <X>110.0</X>
              <Y>10.0</Y>
            </Point>
            <Point>
              <X>110.0</X>
              <Y>110.0</Y>
            </Point>
            <Point>
              <X>10.0</X>
              <Y>110.0</Y>
            </Point>
          </Polygon>
        </VideoObjectLocation>
        <VideoObjectLocation>
          <Visible>1</Visible>
          <Frame>4145</Frame>
          <AbsTime>138133.32222222222</AbsTime>
          <Label>out</Label>
          <Polygon>
            <Point>
              <X>10.0</X>
              <Y>10.0</Y>
            </Point>
            <Point>
              <X>110.0</X>
              <Y>10.0</Y>
            </Point>
            <Point>
              <X>110.0</X>
              <Y>110.0</Y>
            </Point>
            <Point>
              <X>10.0</X>
              <Y>110.0</Y>
            </Point>
          </Polygon>
        </VideoObjectLocation>
        <VideoObjectLocation>
          <Visible>1</Visible>
          <Frame>4216</Frame>
          <AbsTime>140499.9888888889</AbsTime>
          <Label>explain</Label>
          <Polygon>
            <Point>
              <X>10.0</X>
              <Y>10.0</Y>
            </Point>
            <Point>
              <X>110.0</X>
              <Y>10.0</Y>
            </Point>
            <Point>
              <X>110.0</X>
              <Y>110.0</Y>
            </Point>
            <Point>
              <X>10.0</X>
              <Y>110.0</Y>
            </Point>
          </Polygon>
        </VideoObjectLocation>
        <VideoObjectLocation>
          <Visible>1</Visible>
          <Frame>4306</Frame>
          <AbsTime>143499.9888888889</AbsTime>
          <Label>change</Label>
          <Polygon>
            <Point>
              <X>10.0</X>
              <Y>10.0</Y>
            </Point>
            <Point>
              <X>110.0</X>
              <Y>10.0</Y>
            </Point>
            <Point>
              <X>110.0</X>
              <Y>110.0</Y>
            </Point>
            <Point>
              <X>10.0</X>
              <Y>110.0</Y>
            </Point>
          </Polygon>
        </VideoObjectLocation>
        <VideoObjectLocation>
          <Visible>1</Visible>
          <Frame>4327</Frame>
          <AbsTime>144199.9888888889</AbsTime>
          <Label>explain</Label>
          <Polygon>
            <Point>
              <X>10.0</X>
              <Y>10.0</Y>
            </Point>
            <Point>
              <X>110.0</X>
              <Y>10.0</Y>
            </Point>
            <Point>
              <X>110.0</X>
              <Y>110.0</Y>
            </Point>
            <Point>
              <X>10.0</X>
              <Y>110.0</Y>
            </Point>
          </Polygon>
        </VideoObjectLocation>
        <VideoObjectLocation>
          <Visible>1</Visible>
          <Frame>4353</Frame>
          <AbsTime>145066.65555555557</AbsTime>
          <Label>write</Label>
          <Polygon>
            <Point>
              <X>10.0</X>
              <Y>10.0</Y>
            </Point>
            <Point>
              <X>110.0</X>
              <Y>10.0</Y>
            </Point>
            <Point>
              <X>110.0</X>
              <Y>110.0</Y>
            </Point>
            <Point>
              <X>10.0</X>
              <Y>110.0</Y>
            </Point>
          </Polygon>
        </VideoObjectLocation>
        <VideoObjectLocation>
          <Visible>1</Visible>
          <Frame>4542</Frame>
          <AbsTime>151366.65555555554</AbsTime>
          <Label>change</Label>
          <Polygon>
            <Point>
              <X>10.0</X>
              <Y>10.0</Y>
            </Point>
            <Point>
              <X>110.0</X>
              <Y>10.0</Y>
            </Point>
            <Point>
              <X>110.0</X>
              <Y>110.0</Y>
            </Point>
            <Point>
              <X>10.0</X>
              <Y>110.0</Y>
            </Point>
          </Polygon>
        </VideoObjectLocation>
        <VideoObjectLocation>
          <Visible>1</Visible>
          <Frame>4586</Frame>
          <AbsTime>152833.32222222222</AbsTime>
          <Label>explain</Label>
          <Polygon>
            <Point>
              <X>9.999999999999998</X>
              <Y>9.999999999999998</Y>
            </Point>
            <Point>
              <X>110.0</X>
              <Y>9.999999999999998</Y>
            </Point>
            <Point>
              <X>110.0</X>
              <Y>110.0</Y>
            </Point>
            <Point>
              <X>9.999999999999998</X>
              <Y>110.0</Y>
            </Point>
          </Polygon>
        </VideoObjectLocation>
        <VideoObjectLocation>
          <Visible>1</Visible>
          <Frame>4613</Frame>
          <AbsTime>153733.32222222222</AbsTime>
          <Label>write</Label>
          <Polygon>
            <Point>
              <X>9.999999999999998</X>
              <Y>9.999999999999998</Y>
            </Point>
            <Point>
              <X>110.0</X>
              <Y>9.999999999999998</Y>
            </Point>
            <Point>
              <X>110.0</X>
              <Y>110.0</Y>
            </Point>
            <Point>
              <X>9.999999999999998</X>
              <Y>110.0</Y>
            </Point>
          </Polygon>
        </VideoObjectLocation>
        <VideoObjectLocation>
          <Visible>1</Visible>
          <Frame>5558</Frame>
          <AbsTime>185233.32222222222</AbsTime>
          <Label>explain</Label>
          <Polygon>
            <Point>
              <X>10.0</X>
              <Y>10.0</Y>
            </Point>
            <Point>
              <X>110.0</X>
              <Y>10.0</Y>
            </Point>
            <Point>
              <X>110.0</X>
              <Y>110.0</Y>
            </Point>
            <Point>
              <X>10.0</X>
              <Y>110.0</Y>
            </Point>
          </Polygon>
        </VideoObjectLocation>
        <VideoObjectLocation>
          <Visible>1</Visible>
          <Frame>5579</Frame>
          <AbsTime>185933.32222222222</AbsTime>
          <Label>out</Label>
          <Polygon>
            <Point>
              <X>10.0</X>
              <Y>10.0</Y>
            </Point>
            <Point>
              <X>110.0</X>
              <Y>10.0</Y>
            </Point>
            <Point>
              <X>110.0</X>
              <Y>110.0</Y>
            </Point>
            <Point>
              <X>10.0</X>
              <Y>110.0</Y>
            </Point>
          </Polygon>
        </VideoObjectLocation>
        <VideoObjectLocation>
          <Visible>1</Visible>
          <Frame>5639</Frame>
          <AbsTime>187933.32222222222</AbsTime>
          <Label>explain</Label>
          <Polygon>
            <Point>
              <X>10.0</X>
              <Y>10.0</Y>
            </Point>
            <Point>
              <X>110.0</X>
              <Y>10.0</Y>
            </Point>
            <Point>
              <X>110.0</X>
              <Y>110.0</Y>
            </Point>
            <Point>
              <X>10.0</X>
              <Y>110.0</Y>
            </Point>
          </Polygon>
        </VideoObjectLocation>
        <VideoObjectLocation>
          <Visible>1</Visible>
          <Frame>5666</Frame>
          <AbsTime>188833.32222222222</AbsTime>
          <Label>write</Label>
          <Polygon>
            <Point>
              <X>10.0</X>
              <Y>10.0</Y>
            </Point>
            <Point>
              <X>110.0</X>
              <Y>10.0</Y>
            </Point>
            <Point>
              <X>110.0</X>
              <Y>110.0</Y>
            </Point>
            <Point>
              <X>10.0</X>
              <Y>110.0</Y>
            </Point>
          </Polygon>
        </VideoObjectLocation>
        <VideoObjectLocation>
          <Visible>1</Visible>
          <Frame>5684</Frame>
          <AbsTime>189433.32222222222</AbsTime>
          <Label>explain</Label>
          <Polygon>
            <Point>
              <X>10.0</X>
              <Y>10.0</Y>
            </Point>
            <Point>
              <X>110.0</X>
              <Y>10.0</Y>
            </Point>
            <Point>
              <X>110.0</X>
              <Y>110.0</Y>
            </Point>
            <Point>
              <X>10.0</X>
              <Y>110.0</Y>
            </Point>
          </Polygon>
        </VideoObjectLocation>
        <VideoObjectLocation>
          <Visible>1</Visible>
          <Frame>5699</Frame>
          <AbsTime>189933.32222222222</AbsTime>
          <Label>out</Label>
          <Polygon>
            <Point>
              <X>10.0</X>
              <Y>10.0</Y>
            </Point>
            <Point>
              <X>110.0</X>
              <Y>10.0</Y>
            </Point>
            <Point>
              <X>110.0</X>
              <Y>110.0</Y>
            </Point>
            <Point>
              <X>10.0</X>
              <Y>110.0</Y>
            </Point>
          </Polygon>
        </VideoObjectLocation>
        <VideoObjectLocation>
          <Visible>1</Visible>
          <Frame>5771</Frame>
          <AbsTime>192333.32222222222</AbsTime>
          <Label>explain</Label>
          <Polygon>
            <Point>
              <X>10.0</X>
              <Y>10.0</Y>
            </Point>
            <Point>
              <X>110.0</X>
              <Y>10.0</Y>
            </Point>
            <Point>
              <X>110.0</X>
              <Y>110.0</Y>
            </Point>
            <Point>
              <X>10.0</X>
              <Y>110.0</Y>
            </Point>
          </Polygon>
        </VideoObjectLocation>
        <VideoObjectLocation>
          <Visible>1</Visible>
          <Frame>5886</Frame>
          <AbsTime>196166.65555555557</AbsTime>
          <Label>write</Label>
          <Polygon>
            <Point>
              <X>10.0</X>
              <Y>10.0</Y>
            </Point>
            <Point>
              <X>110.0</X>
              <Y>10.0</Y>
            </Point>
            <Point>
              <X>110.0</X>
              <Y>110.0</Y>
            </Point>
            <Point>
              <X>10.0</X>
              <Y>110.0</Y>
            </Point>
          </Polygon>
        </VideoObjectLocation>
        <VideoObjectLocation>
          <Visible>1</Visible>
          <Frame>5922</Frame>
          <AbsTime>197366.65555555554</AbsTime>
          <Label>explain</Label>
          <Polygon>
            <Point>
              <X>10.0</X>
              <Y>10.0</Y>
            </Point>
            <Point>
              <X>110.0</X>
              <Y>10.0</Y>
            </Point>
            <Point>
              <X>110.0</X>
              <Y>110.0</Y>
            </Point>
            <Point>
              <X>10.0</X>
              <Y>110.0</Y>
            </Point>
          </Polygon>
        </VideoObjectLocation>
        <VideoObjectLocation>
          <Visible>1</Visible>
          <Frame>5953</Frame>
          <AbsTime>198399.98888888888</AbsTime>
          <Label>change</Label>
          <Polygon>
            <Point>
              <X>10.0</X>
              <Y>10.0</Y>
            </Point>
            <Point>
              <X>110.0</X>
              <Y>10.0</Y>
            </Point>
            <Point>
              <X>110.0</X>
              <Y>110.0</Y>
            </Point>
            <Point>
              <X>10.0</X>
              <Y>110.0</Y>
            </Point>
          </Polygon>
        </VideoObjectLocation>
        <VideoObjectLocation>
          <Visible>1</Visible>
          <Frame>5993</Frame>
          <AbsTime>199733.32222222222</AbsTime>
          <Label>out</Label>
          <Polygon>
            <Point>
              <X>10.0</X>
              <Y>10.0</Y>
            </Point>
            <Point>
              <X>110.0</X>
              <Y>10.0</Y>
            </Point>
            <Point>
              <X>110.0</X>
              <Y>110.0</Y>
            </Point>
            <Point>
              <X>10.0</X>
              <Y>110.0</Y>
            </Point>
          </Polygon>
        </VideoObjectLocation>
        <VideoObjectLocation>
          <Visible>1</Visible>
          <Frame>6017</Frame>
          <AbsTime>200533.32222222222</AbsTime>
          <Label>explain</Label>
          <Polygon>
            <Point>
              <X>10.0</X>
              <Y>10.0</Y>
            </Point>
            <Point>
              <X>110.0</X>
              <Y>10.0</Y>
            </Point>
            <Point>
              <X>110.0</X>
              <Y>110.0</Y>
            </Point>
            <Point>
              <X>10.0</X>
              <Y>110.0</Y>
            </Point>
          </Polygon>
        </VideoObjectLocation>
        <VideoObjectLocation>
          <Visible>1</Visible>
          <Frame>6071</Frame>
          <AbsTime>202333.32222222222</AbsTime>
          <Label>write</Label>
          <Polygon>
            <Point>
              <X>10.0</X>
              <Y>10.0</Y>
            </Point>
            <Point>
              <X>110.0</X>
              <Y>10.0</Y>
            </Point>
            <Point>
              <X>110.0</X>
              <Y>110.0</Y>
            </Point>
            <Point>
              <X>10.0</X>
              <Y>110.0</Y>
            </Point>
          </Polygon>
        </VideoObjectLocation>
        <VideoObjectLocation>
          <Visible>1</Visible>
          <Frame>6783</Frame>
          <AbsTime>226066.65555555557</AbsTime>
          <Label>explain</Label>
          <Polygon>
            <Point>
              <X>10.0</X>
              <Y>10.0</Y>
            </Point>
            <Point>
              <X>110.0</X>
              <Y>10.0</Y>
            </Point>
            <Point>
              <X>110.0</X>
              <Y>110.0</Y>
            </Point>
            <Point>
              <X>10.0</X>
              <Y>110.0</Y>
            </Point>
          </Polygon>
        </VideoObjectLocation>
        <VideoObjectLocation>
          <Visible>1</Visible>
          <Frame>6799</Frame>
          <AbsTime>226599.9888888889</AbsTime>
          <Label>out</Label>
          <Polygon>
            <Point>
              <X>10.0</X>
              <Y>10.0</Y>
            </Point>
            <Point>
              <X>110.0</X>
              <Y>10.0</Y>
            </Point>
            <Point>
              <X>110.0</X>
              <Y>110.0</Y>
            </Point>
            <Point>
              <X>10.0</X>
              <Y>110.0</Y>
            </Point>
          </Polygon>
        </VideoObjectLocation>
        <VideoObjectLocation>
          <Visible>1</Visible>
          <Frame>6839</Frame>
          <AbsTime>227933.32222222222</AbsTime>
          <Label>explain</Label>
          <Polygon>
            <Point>
              <X>10.0</X>
              <Y>10.0</Y>
            </Point>
            <Point>
              <X>110.0</X>
              <Y>10.0</Y>
            </Point>
            <Point>
              <X>110.0</X>
              <Y>110.0</Y>
            </Point>
            <Point>
              <X>10.0</X>
              <Y>110.0</Y>
            </Point>
          </Polygon>
        </VideoObjectLocation>
        <VideoObjectLocation>
          <Visible>1</Visible>
          <Frame>6865</Frame>
          <AbsTime>228799.98888888888</AbsTime>
          <Label>write</Label>
          <Polygon>
            <Point>
              <X>10.0</X>
              <Y>10.0</Y>
            </Point>
            <Point>
              <X>110.0</X>
              <Y>10.0</Y>
            </Point>
            <Point>
              <X>110.0</X>
              <Y>110.0</Y>
            </Point>
            <Point>
              <X>10.0</X>
              <Y>110.0</Y>
            </Point>
          </Polygon>
        </VideoObjectLocation>
        <VideoObjectLocation>
          <Visible>1</Visible>
          <Frame>6884</Frame>
          <AbsTime>229433.32222222222</AbsTime>
          <Label>explain</Label>
          <Polygon>
            <Point>
              <X>10.0</X>
              <Y>10.0</Y>
            </Point>
            <Point>
              <X>110.0</X>
              <Y>10.0</Y>
            </Point>
            <Point>
              <X>110.0</X>
              <Y>110.0</Y>
            </Point>
            <Point>
              <X>10.0</X>
              <Y>110.0</Y>
            </Point>
          </Polygon>
        </VideoObjectLocation>
        <VideoObjectLocation>
          <Visible>1</Visible>
          <Frame>6902</Frame>
          <AbsTime>230033.32222222222</AbsTime>
          <Label>out</Label>
          <Polygon>
            <Point>
              <X>10.0</X>
              <Y>10.0</Y>
            </Point>
            <Point>
              <X>110.0</X>
              <Y>10.0</Y>
            </Point>
            <Point>
              <X>110.0</X>
              <Y>110.0</Y>
            </Point>
            <Point>
              <X>10.0</X>
              <Y>110.0</Y>
            </Point>
          </Polygon>
        </VideoObjectLocation>
        <VideoObjectLocation>
          <Visible>1</Visible>
          <Frame>6983</Frame>
          <AbsTime>232733.32222222222</AbsTime>
          <Label>explain</Label>
          <Polygon>
            <Point>
              <X>10.0</X>
              <Y>10.0</Y>
            </Point>
            <Point>
              <X>110.0</X>
              <Y>10.0</Y>
            </Point>
            <Point>
              <X>110.0</X>
              <Y>110.0</Y>
            </Point>
            <Point>
              <X>10.0</X>
              <Y>110.0</Y>
            </Point>
          </Polygon>
        </VideoObjectLocation>
        <VideoObjectLocation>
          <Visible>1</Visible>
          <Frame>7098</Frame>
          <AbsTime>236566.65555555557</AbsTime>
          <Label>change</Label>
          <Polygon>
            <Point>
              <X>10.0</X>
              <Y>10.0</Y>
            </Point>
            <Point>
              <X>110.0</X>
              <Y>10.0</Y>
            </Point>
            <Point>
              <X>110.0</X>
              <Y>110.0</Y>
            </Point>
            <Point>
              <X>10.0</X>
              <Y>110.0</Y>
            </Point>
          </Polygon>
        </VideoObjectLocation>
        <VideoObjectLocation>
          <Visible>1</Visible>
          <Frame>7142</Frame>
          <AbsTime>238033.32222222222</AbsTime>
          <Label>explain</Label>
          <Polygon>
            <Point>
              <X>10.0</X>
              <Y>10.0</Y>
            </Point>
            <Point>
              <X>110.0</X>
              <Y>10.0</Y>
            </Point>
            <Point>
              <X>110.0</X>
              <Y>110.0</Y>
            </Point>
            <Point>
              <X>10.0</X>
              <Y>110.0</Y>
            </Point>
          </Polygon>
        </VideoObjectLocation>
        <VideoObjectLocation>
          <Visible>1</Visible>
          <Frame>7163</Frame>
          <AbsTime>238733.32222222222</AbsTime>
          <Label>write</Label>
          <Polygon>
            <Point>
              <X>10.0</X>
              <Y>10.0</Y>
            </Point>
            <Point>
              <X>110.0</X>
              <Y>10.0</Y>
            </Point>
            <Point>
              <X>110.0</X>
              <Y>110.0</Y>
            </Point>
            <Point>
              <X>10.0</X>
              <Y>110.0</Y>
            </Point>
          </Polygon>
        </VideoObjectLocation>
        <VideoObjectLocation>
          <Visible>1</Visible>
          <Frame>7298</Frame>
          <AbsTime>243233.32222222222</AbsTime>
          <Label>explain</Label>
          <Polygon>
            <Point>
              <X>10.0</X>
              <Y>10.0</Y>
            </Point>
            <Point>
              <X>110.0</X>
              <Y>10.0</Y>
            </Point>
            <Point>
              <X>110.0</X>
              <Y>110.0</Y>
            </Point>
            <Point>
              <X>10.0</X>
              <Y>110.0</Y>
            </Point>
          </Polygon>
        </VideoObjectLocation>
        <VideoObjectLocation>
          <Visible>1</Visible>
          <Frame>7423</Frame>
          <AbsTime>247399.98888888888</AbsTime>
          <Label>write</Label>
          <Polygon>
            <Point>
              <X>10.0</X>
              <Y>10.0</Y>
            </Point>
            <Point>
              <X>110.0</X>
              <Y>10.0</Y>
            </Point>
            <Point>
              <X>110.0</X>
              <Y>110.0</Y>
            </Point>
            <Point>
              <X>10.0</X>
              <Y>110.0</Y>
            </Point>
          </Polygon>
        </VideoObjectLocation>
        <VideoObjectLocation>
          <Visible>1</Visible>
          <Frame>7527</Frame>
          <AbsTime>250866.65555555557</AbsTime>
          <Label>change</Label>
          <Polygon>
            <Point>
              <X>10.0</X>
              <Y>10.0</Y>
            </Point>
            <Point>
              <X>110.0</X>
              <Y>10.0</Y>
            </Point>
            <Point>
              <X>110.0</X>
              <Y>110.0</Y>
            </Point>
            <Point>
              <X>10.0</X>
              <Y>110.0</Y>
            </Point>
          </Polygon>
        </VideoObjectLocation>
        <VideoObjectLocation>
          <Visible>1</Visible>
          <Frame>7624</Frame>
          <AbsTime>254099.9888888889</AbsTime>
          <Label>write</Label>
          <Polygon>
            <Point>
              <X>10.0</X>
              <Y>10.0</Y>
            </Point>
            <Point>
              <X>110.00000000000001</X>
              <Y>10.0</Y>
            </Point>
            <Point>
              <X>110.00000000000001</X>
              <Y>110.00000000000001</Y>
            </Point>
            <Point>
              <X>10.0</X>
              <Y>110.00000000000001</Y>
            </Point>
          </Polygon>
        </VideoObjectLocation>
        <VideoObjectLocation>
          <Visible>1</Visible>
          <Frame>7754</Frame>
          <AbsTime>258433.32222222222</AbsTime>
          <Label>change</Label>
          <Polygon>
            <Point>
              <X>10.0</X>
              <Y>10.0</Y>
            </Point>
            <Point>
              <X>110.00000000000001</X>
              <Y>10.0</Y>
            </Point>
            <Point>
              <X>110.00000000000001</X>
              <Y>110.00000000000001</Y>
            </Point>
            <Point>
              <X>10.0</X>
              <Y>110.00000000000001</Y>
            </Point>
          </Polygon>
        </VideoObjectLocation>
        <VideoObjectLocation>
          <Visible>1</Visible>
          <Frame>7883</Frame>
          <AbsTime>262747.23652123346</AbsTime>
          <Label>write</Label>
          <Polygon>
            <Point>
              <X>10.000000000000002</X>
              <Y>10.000000000000002</Y>
            </Point>
            <Point>
              <X>110.00000000000001</X>
              <Y>10.000000000000002</Y>
            </Point>
            <Point>
              <X>110.00000000000001</X>
              <Y>110.00000000000001</Y>
            </Point>
            <Point>
              <X>10.000000000000002</X>
              <Y>110.00000000000001</Y>
            </Point>
          </Polygon>
        </VideoObjectLocation>
        <VideoObjectLocation>
          <Visible>1</Visible>
          <Frame>7972</Frame>
          <AbsTime>265699.9888888889</AbsTime>
          <Label>change</Label>
          <Polygon>
            <Point>
              <X>10.000000000000002</X>
              <Y>10.000000000000002</Y>
            </Point>
            <Point>
              <X>110.00000000000001</X>
              <Y>10.000000000000002</Y>
            </Point>
            <Point>
              <X>110.00000000000001</X>
              <Y>110.00000000000001</Y>
            </Point>
            <Point>
              <X>10.000000000000002</X>
              <Y>110.00000000000001</Y>
            </Point>
          </Polygon>
        </VideoObjectLocation>
        <VideoObjectLocation>
          <Visible>1</Visible>
          <Frame>8022</Frame>
          <AbsTime>267366.65555555554</AbsTime>
          <Label>explain</Label>
          <Polygon>
            <Point>
              <X>10.000000000000002</X>
              <Y>10.000000000000002</Y>
            </Point>
            <Point>
              <X>110.00000000000001</X>
              <Y>10.000000000000002</Y>
            </Point>
            <Point>
              <X>110.00000000000001</X>
              <Y>110.00000000000001</Y>
            </Point>
            <Point>
              <X>10.000000000000002</X>
              <Y>110.00000000000001</Y>
            </Point>
          </Polygon>
        </VideoObjectLocation>
        <VideoObjectLocation>
          <Visible>1</Visible>
          <Frame>8072</Frame>
          <AbsTime>269033.3222222222</AbsTime>
          <Label>write</Label>
          <Polygon>
            <Point>
              <X>10.000000000000002</X>
              <Y>10.000000000000002</Y>
            </Point>
            <Point>
              <X>110.00000000000001</X>
              <Y>10.000000000000002</Y>
            </Point>
            <Point>
              <X>110.00000000000001</X>
              <Y>110.00000000000001</Y>
            </Point>
            <Point>
              <X>10.000000000000002</X>
              <Y>110.00000000000001</Y>
            </Point>
          </Polygon>
        </VideoObjectLocation>
        <VideoObjectLocation>
          <Visible>1</Visible>
          <Frame>8264</Frame>
          <AbsTime>275433.3222222222</AbsTime>
          <Label>change</Label>
          <Polygon>
            <Point>
              <X>10.000000000000002</X>
              <Y>10.000000000000002</Y>
            </Point>
            <Point>
              <X>110.00000000000001</X>
              <Y>10.000000000000002</Y>
            </Point>
            <Point>
              <X>110.00000000000001</X>
              <Y>110.00000000000001</Y>
            </Point>
            <Point>
              <X>10.000000000000002</X>
              <Y>110.00000000000001</Y>
            </Point>
          </Polygon>
        </VideoObjectLocation>
        <VideoObjectLocation>
          <Visible>1</Visible>
          <Frame>8389</Frame>
          <AbsTime>279599.98888888885</AbsTime>
          <Label>write</Label>
          <Polygon>
            <Point>
              <X>10.000000000000002</X>
              <Y>10.000000000000002</Y>
            </Point>
            <Point>
              <X>110.0</X>
              <Y>10.000000000000002</Y>
            </Point>
            <Point>
              <X>110.0</X>
              <Y>110.0</Y>
            </Point>
            <Point>
              <X>10.000000000000002</X>
              <Y>110.0</Y>
            </Point>
          </Polygon>
        </VideoObjectLocation>
        <VideoObjectLocation>
          <Visible>1</Visible>
          <Frame>8468</Frame>
          <AbsTime>282233.3222222222</AbsTime>
          <Label>change</Label>
          <Polygon>
            <Point>
              <X>10.000000000000002</X>
              <Y>10.000000000000002</Y>
            </Point>
            <Point>
              <X>110.0</X>
              <Y>10.000000000000002</Y>
            </Point>
            <Point>
              <X>110.0</X>
              <Y>110.0</Y>
            </Point>
            <Point>
              <X>10.000000000000002</X>
              <Y>110.0</Y>
            </Point>
          </Polygon>
        </VideoObjectLocation>
        <VideoObjectLocation>
          <Visible>1</Visible>
          <Frame>8536</Frame>
          <AbsTime>284499.9888888889</AbsTime>
          <Label>explain</Label>
          <Polygon>
            <Point>
              <X>10.000000000000002</X>
              <Y>10.000000000000002</Y>
            </Point>
            <Point>
              <X>110.0</X>
              <Y>10.000000000000002</Y>
            </Point>
            <Point>
              <X>110.0</X>
              <Y>110.0</Y>
            </Point>
            <Point>
              <X>10.000000000000002</X>
              <Y>110.0</Y>
            </Point>
          </Polygon>
        </VideoObjectLocation>
        <VideoObjectLocation>
          <Visible>1</Visible>
          <Frame>8586</Frame>
          <AbsTime>286166.65555555554</AbsTime>
          <Label>write</Label>
          <Polygon>
            <Point>
              <X>10.0</X>
              <Y>10.0</Y>
            </Point>
            <Point>
              <X>110.0</X>
              <Y>10.0</Y>
            </Point>
            <Point>
              <X>110.0</X>
              <Y>110.0</Y>
            </Point>
            <Point>
              <X>10.0</X>
              <Y>110.0</Y>
            </Point>
          </Polygon>
        </VideoObjectLocation>
        <VideoObjectLocation>
          <Visible>1</Visible>
          <Frame>8899</Frame>
          <AbsTime>296599.98888888885</AbsTime>
          <Label>explain</Label>
          <Polygon>
            <Point>
              <X>10.0</X>
              <Y>10.0</Y>
            </Point>
            <Point>
              <X>110.0</X>
              <Y>10.0</Y>
            </Point>
            <Point>
              <X>110.0</X>
              <Y>110.0</Y>
            </Point>
            <Point>
              <X>10.0</X>
              <Y>110.0</Y>
            </Point>
          </Polygon>
        </VideoObjectLocation>
        <VideoObjectLocation>
          <Visible>1</Visible>
          <Frame>8912</Frame>
          <AbsTime>297033.3222222222</AbsTime>
          <Label>out</Label>
          <Polygon>
            <Point>
              <X>10.0</X>
              <Y>10.0</Y>
            </Point>
            <Point>
              <X>110.0</X>
              <Y>10.0</Y>
            </Point>
            <Point>
              <X>110.0</X>
              <Y>110.0</Y>
            </Point>
            <Point>
              <X>10.0</X>
              <Y>110.0</Y>
            </Point>
          </Polygon>
        </VideoObjectLocation>
        <VideoObjectLocation>
          <Visible>1</Visible>
          <Frame>8980</Frame>
          <AbsTime>299299.9888888889</AbsTime>
          <Label>write</Label>
          <Polygon>
            <Point>
              <X>10.0</X>
              <Y>10.0</Y>
            </Point>
            <Point>
              <X>110.0</X>
              <Y>10.0</Y>
            </Point>
            <Point>
              <X>110.0</X>
              <Y>110.0</Y>
            </Point>
            <Point>
              <X>10.0</X>
              <Y>110.0</Y>
            </Point>
          </Polygon>
        </VideoObjectLocation>
        <VideoObjectLocation>
          <Visible>1</Visible>
          <Frame>8998</Frame>
          <AbsTime>299899.9888888889</AbsTime>
          <Label>explain</Label>
          <Polygon>
            <Point>
              <X>10.0</X>
              <Y>10.0</Y>
            </Point>
            <Point>
              <X>110.0</X>
              <Y>10.0</Y>
            </Point>
            <Point>
              <X>110.0</X>
              <Y>110.0</Y>
            </Point>
            <Point>
              <X>10.0</X>
              <Y>110.0</Y>
            </Point>
          </Polygon>
        </VideoObjectLocation>
        <VideoObjectLocation>
          <Visible>1</Visible>
          <Frame>9014</Frame>
          <AbsTime>300433.3222222222</AbsTime>
          <Label>out</Label>
          <Polygon>
            <Point>
              <X>10.0</X>
              <Y>10.0</Y>
            </Point>
            <Point>
              <X>110.0</X>
              <Y>10.0</Y>
            </Point>
            <Point>
              <X>110.0</X>
              <Y>110.0</Y>
            </Point>
            <Point>
              <X>10.0</X>
              <Y>110.0</Y>
            </Point>
          </Polygon>
        </VideoObjectLocation>
        <VideoObjectLocation>
          <Visible>1</Visible>
          <Frame>9077</Frame>
          <AbsTime>302533.3222222222</AbsTime>
          <Label>explain</Label>
          <Polygon>
            <Point>
              <X>10.0</X>
              <Y>10.0</Y>
            </Point>
            <Point>
              <X>110.0</X>
              <Y>10.0</Y>
            </Point>
            <Point>
              <X>110.0</X>
              <Y>110.0</Y>
            </Point>
            <Point>
              <X>10.0</X>
              <Y>110.0</Y>
            </Point>
          </Polygon>
        </VideoObjectLocation>
        <VideoObjectLocation>
          <Visible>1</Visible>
          <Frame>9140</Frame>
          <AbsTime>304633.3222222222</AbsTime>
          <Label>out</Label>
          <Polygon>
            <Point>
              <X>10.0</X>
              <Y>10.0</Y>
            </Point>
            <Point>
              <X>110.0</X>
              <Y>10.0</Y>
            </Point>
            <Point>
              <X>110.0</X>
              <Y>110.0</Y>
            </Point>
            <Point>
              <X>10.0</X>
              <Y>110.0</Y>
            </Point>
          </Polygon>
        </VideoObjectLocation>
        <VideoObjectLocation>
          <Visible>1</Visible>
          <Frame>9223</Frame>
          <AbsTime>307399.9888888889</AbsTime>
          <Label>explain</Label>
          <Polygon>
            <Point>
              <X>10.0</X>
              <Y>10.0</Y>
            </Point>
            <Point>
              <X>110.0</X>
              <Y>10.0</Y>
            </Point>
            <Point>
              <X>110.0</X>
              <Y>110.0</Y>
            </Point>
            <Point>
              <X>10.0</X>
              <Y>110.0</Y>
            </Point>
          </Polygon>
        </VideoObjectLocation>
        <VideoObjectLocation>
          <Visible>1</Visible>
          <Frame>9236</Frame>
          <AbsTime>307833.3222222222</AbsTime>
          <Label>out</Label>
          <Polygon>
            <Point>
              <X>10.0</X>
              <Y>10.0</Y>
            </Point>
            <Point>
              <X>110.0</X>
              <Y>10.0</Y>
            </Point>
            <Point>
              <X>110.0</X>
              <Y>110.0</Y>
            </Point>
            <Point>
              <X>10.0</X>
              <Y>110.0</Y>
            </Point>
          </Polygon>
        </VideoObjectLocation>
        <VideoObjectLocation>
          <Visible>1</Visible>
          <Frame>9239</Frame>
          <AbsTime>307933.3222222222</AbsTime>
          <Label>explain</Label>
          <Polygon>
            <Point>
              <X>10.0</X>
              <Y>10.0</Y>
            </Point>
            <Point>
              <X>110.0</X>
              <Y>10.0</Y>
            </Point>
            <Point>
              <X>110.0</X>
              <Y>110.0</Y>
            </Point>
            <Point>
              <X>10.0</X>
              <Y>110.0</Y>
            </Point>
          </Polygon>
        </VideoObjectLocation>
        <VideoObjectLocation>
          <Visible>1</Visible>
          <Frame>9333</Frame>
          <AbsTime>311066.6555555556</AbsTime>
          <Label>write</Label>
          <Polygon>
            <Point>
              <X>10.0</X>
              <Y>10.0</Y>
            </Point>
            <Point>
              <X>110.0</X>
              <Y>10.0</Y>
            </Point>
            <Point>
              <X>110.0</X>
              <Y>110.0</Y>
            </Point>
            <Point>
              <X>10.0</X>
              <Y>110.0</Y>
            </Point>
          </Polygon>
        </VideoObjectLocation>
        <VideoObjectLocation>
          <Visible>1</Visible>
          <Frame>9383</Frame>
          <AbsTime>312733.3222222222</AbsTime>
          <Label>explain</Label>
          <Polygon>
            <Point>
              <X>10.0</X>
              <Y>10.0</Y>
            </Point>
            <Point>
              <X>110.0</X>
              <Y>10.0</Y>
            </Point>
            <Point>
              <X>110.0</X>
              <Y>110.0</Y>
            </Point>
            <Point>
              <X>10.0</X>
              <Y>110.0</Y>
            </Point>
          </Polygon>
        </VideoObjectLocation>
        <VideoObjectLocation>
          <Visible>1</Visible>
          <Frame>9422</Frame>
          <AbsTime>314033.3222222223</AbsTime>
          <Label>change</Label>
          <Polygon>
            <Point>
              <X>10.0</X>
              <Y>10.0</Y>
            </Point>
            <Point>
              <X>110.0</X>
              <Y>10.0</Y>
            </Point>
            <Point>
              <X>110.0</X>
              <Y>110.0</Y>
            </Point>
            <Point>
              <X>10.0</X>
              <Y>110.0</Y>
            </Point>
          </Polygon>
        </VideoObjectLocation>
        <VideoObjectLocation>
          <Visible>1</Visible>
          <Frame>9435</Frame>
          <AbsTime>314466.6555555556</AbsTime>
          <Label>out</Label>
          <Polygon>
            <Point>
              <X>10.0</X>
              <Y>10.0</Y>
            </Point>
            <Point>
              <X>110.0</X>
              <Y>10.0</Y>
            </Point>
            <Point>
              <X>110.0</X>
              <Y>110.0</Y>
            </Point>
            <Point>
              <X>10.0</X>
              <Y>110.0</Y>
            </Point>
          </Polygon>
        </VideoObjectLocation>
        <VideoObjectLocation>
          <Visible>1</Visible>
          <Frame>9496</Frame>
          <AbsTime>316499.9888888889</AbsTime>
          <Label>explain</Label>
          <Polygon>
            <Point>
              <X>10.0</X>
              <Y>10.0</Y>
            </Point>
            <Point>
              <X>110.0</X>
              <Y>10.0</Y>
            </Point>
            <Point>
              <X>110.0</X>
              <Y>110.0</Y>
            </Point>
            <Point>
              <X>10.0</X>
              <Y>110.0</Y>
            </Point>
          </Polygon>
        </VideoObjectLocation>
        <VideoObjectLocation>
          <Visible>1</Visible>
          <Frame>9536</Frame>
          <AbsTime>317833.3222222222</AbsTime>
          <Label>write</Label>
          <Polygon>
            <Point>
              <X>10.0</X>
              <Y>10.0</Y>
            </Point>
            <Point>
              <X>110.0</X>
              <Y>10.0</Y>
            </Point>
            <Point>
              <X>110.0</X>
              <Y>110.0</Y>
            </Point>
            <Point>
              <X>10.0</X>
              <Y>110.0</Y>
            </Point>
          </Polygon>
        </VideoObjectLocation>
        <VideoObjectLocation>
          <Visible>1</Visible>
          <Frame>9675</Frame>
          <AbsTime>322466.6555555556</AbsTime>
          <Label>explain</Label>
          <Polygon>
            <Point>
              <X>10.0</X>
              <Y>10.0</Y>
            </Point>
            <Point>
              <X>110.0</X>
              <Y>10.0</Y>
            </Point>
            <Point>
              <X>110.0</X>
              <Y>110.0</Y>
            </Point>
            <Point>
              <X>10.0</X>
              <Y>110.0</Y>
            </Point>
          </Polygon>
        </VideoObjectLocation>
        <VideoObjectLocation>
          <Visible>1</Visible>
          <Frame>9825</Frame>
          <AbsTime>327466.6555555556</AbsTime>
          <Label>write</Label>
          <Polygon>
            <Point>
              <X>10.0</X>
              <Y>10.0</Y>
            </Point>
            <Point>
              <X>110.0</X>
              <Y>10.0</Y>
            </Point>
            <Point>
              <X>110.0</X>
              <Y>110.0</Y>
            </Point>
            <Point>
              <X>10.0</X>
              <Y>110.0</Y>
            </Point>
          </Polygon>
        </VideoObjectLocation>
        <VideoObjectLocation>
          <Visible>1</Visible>
          <Frame>9887</Frame>
          <AbsTime>329533.3222222223</AbsTime>
          <Label>explain</Label>
          <Polygon>
            <Point>
              <X>10.0</X>
              <Y>10.0</Y>
            </Point>
            <Point>
              <X>110.0</X>
              <Y>10.0</Y>
            </Point>
            <Point>
              <X>110.0</X>
              <Y>110.0</Y>
            </Point>
            <Point>
              <X>10.0</X>
              <Y>110.0</Y>
            </Point>
          </Polygon>
        </VideoObjectLocation>
        <VideoObjectLocation>
          <Visible>1</Visible>
          <Frame>9933</Frame>
          <AbsTime>331066.6555555556</AbsTime>
          <Label>change</Label>
          <Polygon>
            <Point>
              <X>10.0</X>
              <Y>10.0</Y>
            </Point>
            <Point>
              <X>110.0</X>
              <Y>10.0</Y>
            </Point>
            <Point>
              <X>110.0</X>
              <Y>110.0</Y>
            </Point>
            <Point>
              <X>10.0</X>
              <Y>110.0</Y>
            </Point>
          </Polygon>
        </VideoObjectLocation>
        <VideoObjectLocation>
          <Visible>1</Visible>
          <Frame>9968</Frame>
          <AbsTime>332233.3222222222</AbsTime>
          <Label>explain</Label>
          <Polygon>
            <Point>
              <X>10.0</X>
              <Y>10.0</Y>
            </Point>
            <Point>
              <X>110.0</X>
              <Y>10.0</Y>
            </Point>
            <Point>
              <X>110.0</X>
              <Y>110.0</Y>
            </Point>
            <Point>
              <X>10.0</X>
              <Y>110.0</Y>
            </Point>
          </Polygon>
        </VideoObjectLocation>
        <VideoObjectLocation>
          <Visible>1</Visible>
          <Frame>9985</Frame>
          <AbsTime>332799.9888888889</AbsTime>
          <Label>write</Label>
          <Polygon>
            <Point>
              <X>10.0</X>
              <Y>10.0</Y>
            </Point>
            <Point>
              <X>110.0</X>
              <Y>10.0</Y>
            </Point>
            <Point>
              <X>110.0</X>
              <Y>110.0</Y>
            </Point>
            <Point>
              <X>10.0</X>
              <Y>110.0</Y>
            </Point>
          </Polygon>
        </VideoObjectLocation>
        <VideoObjectLocation>
          <Visible>1</Visible>
          <Frame>10013</Frame>
          <AbsTime>333733.3222222222</AbsTime>
          <Label>explain</Label>
          <Polygon>
            <Point>
              <X>10.0</X>
              <Y>10.0</Y>
            </Point>
            <Point>
              <X>110.0</X>
              <Y>10.0</Y>
            </Point>
            <Point>
              <X>110.0</X>
              <Y>110.0</Y>
            </Point>
            <Point>
              <X>10.0</X>
              <Y>110.0</Y>
            </Point>
          </Polygon>
        </VideoObjectLocation>
        <VideoObjectLocation>
          <Visible>1</Visible>
          <Frame>10043</Frame>
          <AbsTime>334733.3222222222</AbsTime>
          <Label>change</Label>
          <Polygon>
            <Point>
              <X>10.0</X>
              <Y>10.0</Y>
            </Point>
            <Point>
              <X>110.0</X>
              <Y>10.0</Y>
            </Point>
            <Point>
              <X>110.0</X>
              <Y>110.0</Y>
            </Point>
            <Point>
              <X>10.0</X>
              <Y>110.0</Y>
            </Point>
          </Polygon>
        </VideoObjectLocation>
        <VideoObjectLocation>
          <Visible>1</Visible>
          <Frame>10071</Frame>
          <AbsTime>335666.65555555554</AbsTime>
          <Label>explain</Label>
          <Polygon>
            <Point>
              <X>10.0</X>
              <Y>10.0</Y>
            </Point>
            <Point>
              <X>110.0</X>
              <Y>10.0</Y>
            </Point>
            <Point>
              <X>110.0</X>
              <Y>110.0</Y>
            </Point>
            <Point>
              <X>10.0</X>
              <Y>110.0</Y>
            </Point>
          </Polygon>
        </VideoObjectLocation>
        <VideoObjectLocation>
          <Visible>1</Visible>
          <Frame>10107</Frame>
          <AbsTime>336866.65555555554</AbsTime>
          <Label>write</Label>
          <Polygon>
            <Point>
              <X>10.0</X>
              <Y>10.0</Y>
            </Point>
            <Point>
              <X>110.0</X>
              <Y>10.0</Y>
            </Point>
            <Point>
              <X>110.0</X>
              <Y>110.0</Y>
            </Point>
            <Point>
              <X>10.0</X>
              <Y>110.0</Y>
            </Point>
          </Polygon>
        </VideoObjectLocation>
        <VideoObjectLocation>
          <Visible>1</Visible>
          <Frame>10217</Frame>
          <AbsTime>340533.3222222223</AbsTime>
          <Label>explain</Label>
          <Polygon>
            <Point>
              <X>10.0</X>
              <Y>10.0</Y>
            </Point>
            <Point>
              <X>110.0</X>
              <Y>10.0</Y>
            </Point>
            <Point>
              <X>110.0</X>
              <Y>110.0</Y>
            </Point>
            <Point>
              <X>10.0</X>
              <Y>110.0</Y>
            </Point>
          </Polygon>
        </VideoObjectLocation>
        <VideoObjectLocation>
          <Visible>1</Visible>
          <Frame>10235</Frame>
          <AbsTime>341133.3222222222</AbsTime>
          <Label>change</Label>
          <Polygon>
            <Point>
              <X>10.0</X>
              <Y>10.0</Y>
            </Point>
            <Point>
              <X>110.0</X>
              <Y>10.0</Y>
            </Point>
            <Point>
              <X>110.0</X>
              <Y>110.0</Y>
            </Point>
            <Point>
              <X>10.0</X>
              <Y>110.0</Y>
            </Point>
          </Polygon>
        </VideoObjectLocation>
        <VideoObjectLocation>
          <Visible>1</Visible>
          <Frame>10295</Frame>
          <AbsTime>343133.3222222222</AbsTime>
          <Label>explain</Label>
          <Polygon>
            <Point>
              <X>10.0</X>
              <Y>10.0</Y>
            </Point>
            <Point>
              <X>110.0</X>
              <Y>10.0</Y>
            </Point>
            <Point>
              <X>110.0</X>
              <Y>110.0</Y>
            </Point>
            <Point>
              <X>10.0</X>
              <Y>110.0</Y>
            </Point>
          </Polygon>
        </VideoObjectLocation>
        <VideoObjectLocation>
          <Visible>1</Visible>
          <Frame>10321</Frame>
          <AbsTime>343999.9888888889</AbsTime>
          <Label>write</Label>
          <Polygon>
            <Point>
              <X>10.0</X>
              <Y>10.0</Y>
            </Point>
            <Point>
              <X>110.0</X>
              <Y>10.0</Y>
            </Point>
            <Point>
              <X>110.0</X>
              <Y>110.0</Y>
            </Point>
            <Point>
              <X>10.0</X>
              <Y>110.0</Y>
            </Point>
          </Polygon>
        </VideoObjectLocation>
        <VideoObjectLocation>
          <Visible>1</Visible>
          <Frame>10350</Frame>
          <AbsTime>344966.6555555556</AbsTime>
          <Label>explain</Label>
          <Polygon>
            <Point>
              <X>10.0</X>
              <Y>10.0</Y>
            </Point>
            <Point>
              <X>110.0</X>
              <Y>10.0</Y>
            </Point>
            <Point>
              <X>110.0</X>
              <Y>110.0</Y>
            </Point>
            <Point>
              <X>10.0</X>
              <Y>110.0</Y>
            </Point>
          </Polygon>
        </VideoObjectLocation>
        <VideoObjectLocation>
          <Visible>1</Visible>
          <Frame>10379</Frame>
          <AbsTime>345933.3222222222</AbsTime>
          <Label>change</Label>
          <Polygon>
            <Point>
              <X>10.0</X>
              <Y>10.0</Y>
            </Point>
            <Point>
              <X>110.0</X>
              <Y>10.0</Y>
            </Point>
            <Point>
              <X>110.0</X>
              <Y>110.0</Y>
            </Point>
            <Point>
              <X>10.0</X>
              <Y>110.0</Y>
            </Point>
          </Polygon>
        </VideoObjectLocation>
        <VideoObjectLocation>
          <Visible>1</Visible>
          <Frame>10419</Frame>
          <AbsTime>347266.6555555556</AbsTime>
          <Label>explain</Label>
          <Polygon>
            <Point>
              <X>10.0</X>
              <Y>10.0</Y>
            </Point>
            <Point>
              <X>110.0</X>
              <Y>10.0</Y>
            </Point>
            <Point>
              <X>110.0</X>
              <Y>110.0</Y>
            </Point>
            <Point>
              <X>10.0</X>
              <Y>110.0</Y>
            </Point>
          </Polygon>
        </VideoObjectLocation>
        <VideoObjectLocation>
          <Visible>1</Visible>
          <Frame>10441</Frame>
          <AbsTime>347999.9888888889</AbsTime>
          <Label>write</Label>
          <Polygon>
            <Point>
              <X>10.0</X>
              <Y>10.0</Y>
            </Point>
            <Point>
              <X>110.0</X>
              <Y>10.0</Y>
            </Point>
            <Point>
              <X>110.0</X>
              <Y>110.0</Y>
            </Point>
            <Point>
              <X>10.0</X>
              <Y>110.0</Y>
            </Point>
          </Polygon>
        </VideoObjectLocation>
        <VideoObjectLocation>
          <Visible>1</Visible>
          <Frame>10521</Frame>
          <AbsTime>350666.65555555554</AbsTime>
          <Label>explain</Label>
          <Polygon>
            <Point>
              <X>10.0</X>
              <Y>10.0</Y>
            </Point>
            <Point>
              <X>110.0</X>
              <Y>10.0</Y>
            </Point>
            <Point>
              <X>110.0</X>
              <Y>110.0</Y>
            </Point>
            <Point>
              <X>10.0</X>
              <Y>110.0</Y>
            </Point>
          </Polygon>
        </VideoObjectLocation>
        <VideoObjectLocation>
          <Visible>1</Visible>
          <Frame>10538</Frame>
          <AbsTime>351233.3222222222</AbsTime>
          <Label>out</Label>
          <Polygon>
            <Point>
              <X>10.0</X>
              <Y>10.0</Y>
            </Point>
            <Point>
              <X>110.0</X>
              <Y>10.0</Y>
            </Point>
            <Point>
              <X>110.0</X>
              <Y>110.0</Y>
            </Point>
            <Point>
              <X>10.0</X>
              <Y>110.0</Y>
            </Point>
          </Polygon>
        </VideoObjectLocation>
        <VideoObjectLocation>
          <Visible>1</Visible>
          <Frame>10586</Frame>
          <AbsTime>352833.3222222222</AbsTime>
          <Label>explain</Label>
          <Polygon>
            <Point>
              <X>10.0</X>
              <Y>10.0</Y>
            </Point>
            <Point>
              <X>110.0</X>
              <Y>10.0</Y>
            </Point>
            <Point>
              <X>110.0</X>
              <Y>110.0</Y>
            </Point>
            <Point>
              <X>10.0</X>
              <Y>110.0</Y>
            </Point>
          </Polygon>
        </VideoObjectLocation>
        <VideoObjectLocation>
          <Visible>1</Visible>
          <Frame>10612</Frame>
          <AbsTime>353699.9888888889</AbsTime>
          <Label>write</Label>
          <Polygon>
            <Point>
              <X>10.0</X>
              <Y>10.0</Y>
            </Point>
            <Point>
              <X>110.0</X>
              <Y>10.0</Y>
            </Point>
            <Point>
              <X>110.0</X>
              <Y>110.0</Y>
            </Point>
            <Point>
              <X>10.0</X>
              <Y>110.0</Y>
            </Point>
          </Polygon>
        </VideoObjectLocation>
        <VideoObjectLocation>
          <Visible>1</Visible>
          <Frame>10628</Frame>
          <AbsTime>354233.3222222222</AbsTime>
          <Label>explain</Label>
          <Polygon>
            <Point>
              <X>10.0</X>
              <Y>10.0</Y>
            </Point>
            <Point>
              <X>110.0</X>
              <Y>10.0</Y>
            </Point>
            <Point>
              <X>110.0</X>
              <Y>110.0</Y>
            </Point>
            <Point>
              <X>10.0</X>
              <Y>110.0</Y>
            </Point>
          </Polygon>
        </VideoObjectLocation>
        <VideoObjectLocation>
          <Visible>1</Visible>
          <Frame>10649</Frame>
          <AbsTime>354933.3222222222</AbsTime>
          <Label>out</Label>
          <Polygon>
            <Point>
              <X>10.0</X>
              <Y>10.0</Y>
            </Point>
            <Point>
              <X>110.0</X>
              <Y>10.0</Y>
            </Point>
            <Point>
              <X>110.0</X>
              <Y>110.0</Y>
            </Point>
            <Point>
              <X>10.0</X>
              <Y>110.0</Y>
            </Point>
          </Polygon>
        </VideoObjectLocation>
        <VideoObjectLocation>
          <Visible>1</Visible>
          <Frame>10714</Frame>
          <AbsTime>357099.9888888889</AbsTime>
          <Label>explain</Label>
          <Polygon>
            <Point>
              <X>10.0</X>
              <Y>10.0</Y>
            </Point>
            <Point>
              <X>110.0</X>
              <Y>10.0</Y>
            </Point>
            <Point>
              <X>110.0</X>
              <Y>110.0</Y>
            </Point>
            <Point>
              <X>10.0</X>
              <Y>110.0</Y>
            </Point>
          </Polygon>
        </VideoObjectLocation>
        <VideoObjectLocation>
          <Visible>1</Visible>
          <Frame>10774</Frame>
          <AbsTime>359099.9888888889</AbsTime>
          <Label>write</Label>
          <Polygon>
            <Point>
              <X>10.0</X>
              <Y>10.0</Y>
            </Point>
            <Point>
              <X>110.0</X>
              <Y>10.0</Y>
            </Point>
            <Point>
              <X>110.0</X>
              <Y>110.0</Y>
            </Point>
            <Point>
              <X>10.0</X>
              <Y>110.0</Y>
            </Point>
          </Polygon>
        </VideoObjectLocation>
        <VideoObjectLocation>
          <Visible>1</Visible>
          <Frame>10793</Frame>
          <AbsTime>359733.3222222222</AbsTime>
          <Label>explain</Label>
          <Polygon>
            <Point>
              <X>10.0</X>
              <Y>10.0</Y>
            </Point>
            <Point>
              <X>110.0</X>
              <Y>10.0</Y>
            </Point>
            <Point>
              <X>110.0</X>
              <Y>110.0</Y>
            </Point>
            <Point>
              <X>10.0</X>
              <Y>110.0</Y>
            </Point>
          </Polygon>
        </VideoObjectLocation>
        <VideoObjectLocation>
          <Visible>1</Visible>
          <Frame>11042</Frame>
          <AbsTime>368033.3222222223</AbsTime>
          <Label>write</Label>
          <Polygon>
            <Point>
              <X>10.0</X>
              <Y>10.0</Y>
            </Point>
            <Point>
              <X>110.0</X>
              <Y>10.0</Y>
            </Point>
            <Point>
              <X>110.0</X>
              <Y>110.0</Y>
            </Point>
            <Point>
              <X>10.0</X>
              <Y>110.0</Y>
            </Point>
          </Polygon>
        </VideoObjectLocation>
        <VideoObjectLocation>
          <Visible>1</Visible>
          <Frame>11512</Frame>
          <AbsTime>383699.9888888889</AbsTime>
          <Label>explain</Label>
          <Polygon>
            <Point>
              <X>10.0</X>
              <Y>10.0</Y>
            </Point>
            <Point>
              <X>110.0</X>
              <Y>10.0</Y>
            </Point>
            <Point>
              <X>110.0</X>
              <Y>110.0</Y>
            </Point>
            <Point>
              <X>10.0</X>
              <Y>110.0</Y>
            </Point>
          </Polygon>
        </VideoObjectLocation>
        <VideoObjectLocation>
          <Visible>1</Visible>
          <Frame>11528</Frame>
          <AbsTime>384233.3222222222</AbsTime>
          <Label>out</Label>
          <Polygon>
            <Point>
              <X>10.0</X>
              <Y>10.0</Y>
            </Point>
            <Point>
              <X>110.0</X>
              <Y>10.0</Y>
            </Point>
            <Point>
              <X>110.0</X>
              <Y>110.0</Y>
            </Point>
            <Point>
              <X>10.0</X>
              <Y>110.0</Y>
            </Point>
          </Polygon>
        </VideoObjectLocation>
        <VideoObjectLocation>
          <Visible>1</Visible>
          <Frame>11568</Frame>
          <AbsTime>385566.6555555556</AbsTime>
          <Label>explain</Label>
          <Polygon>
            <Point>
              <X>10.0</X>
              <Y>10.0</Y>
            </Point>
            <Point>
              <X>110.0</X>
              <Y>10.0</Y>
            </Point>
            <Point>
              <X>110.0</X>
              <Y>110.0</Y>
            </Point>
            <Point>
              <X>10.0</X>
              <Y>110.0</Y>
            </Point>
          </Polygon>
        </VideoObjectLocation>
        <VideoObjectLocation>
          <Visible>1</Visible>
          <Frame>11598</Frame>
          <AbsTime>386566.6555555556</AbsTime>
          <Label>write</Label>
          <Polygon>
            <Point>
              <X>10.0</X>
              <Y>10.0</Y>
            </Point>
            <Point>
              <X>110.0</X>
              <Y>10.0</Y>
            </Point>
            <Point>
              <X>110.0</X>
              <Y>110.0</Y>
            </Point>
            <Point>
              <X>10.0</X>
              <Y>110.0</Y>
            </Point>
          </Polygon>
        </VideoObjectLocation>
        <VideoObjectLocation>
          <Visible>1</Visible>
          <Frame>11618</Frame>
          <AbsTime>387233.3222222222</AbsTime>
          <Label>explain</Label>
          <Polygon>
            <Point>
              <X>10.0</X>
              <Y>10.0</Y>
            </Point>
            <Point>
              <X>110.0</X>
              <Y>10.0</Y>
            </Point>
            <Point>
              <X>110.0</X>
              <Y>110.0</Y>
            </Point>
            <Point>
              <X>10.0</X>
              <Y>110.0</Y>
            </Point>
          </Polygon>
        </VideoObjectLocation>
        <VideoObjectLocation>
          <Visible>1</Visible>
          <Frame>11636</Frame>
          <AbsTime>387833.3222222222</AbsTime>
          <Label>out</Label>
          <Polygon>
            <Point>
              <X>10.0</X>
              <Y>10.0</Y>
            </Point>
            <Point>
              <X>110.0</X>
              <Y>10.0</Y>
            </Point>
            <Point>
              <X>110.0</X>
              <Y>110.0</Y>
            </Point>
            <Point>
              <X>10.0</X>
              <Y>110.0</Y>
            </Point>
          </Polygon>
        </VideoObjectLocation>
        <VideoObjectLocation>
          <Visible>1</Visible>
          <Frame>11696</Frame>
          <AbsTime>389833.3222222222</AbsTime>
          <Label>explain</Label>
          <Polygon>
            <Point>
              <X>10.0</X>
              <Y>10.0</Y>
            </Point>
            <Point>
              <X>110.0</X>
              <Y>10.0</Y>
            </Point>
            <Point>
              <X>110.0</X>
              <Y>110.0</Y>
            </Point>
            <Point>
              <X>10.0</X>
              <Y>110.0</Y>
            </Point>
          </Polygon>
        </VideoObjectLocation>
        <VideoObjectLocation>
          <Visible>1</Visible>
          <Frame>11804</Frame>
          <AbsTime>393433.3222222222</AbsTime>
          <Label>write</Label>
          <Polygon>
            <Point>
              <X>10.0</X>
              <Y>10.0</Y>
            </Point>
            <Point>
              <X>110.0</X>
              <Y>10.0</Y>
            </Point>
            <Point>
              <X>110.0</X>
              <Y>110.0</Y>
            </Point>
            <Point>
              <X>10.0</X>
              <Y>110.0</Y>
            </Point>
          </Polygon>
        </VideoObjectLocation>
        <VideoObjectLocation>
          <Visible>1</Visible>
          <Frame>11820</Frame>
          <AbsTime>393966.6555555556</AbsTime>
          <Label>explain</Label>
          <Polygon>
            <Point>
              <X>10.0</X>
              <Y>10.0</Y>
            </Point>
            <Point>
              <X>110.0</X>
              <Y>10.0</Y>
            </Point>
            <Point>
              <X>110.0</X>
              <Y>110.0</Y>
            </Point>
            <Point>
              <X>10.0</X>
              <Y>110.0</Y>
            </Point>
          </Polygon>
        </VideoObjectLocation>
        <VideoObjectLocation>
          <Visible>1</Visible>
          <Frame>11954</Frame>
          <AbsTime>398433.3222222222</AbsTime>
          <Label>write</Label>
          <Polygon>
            <Point>
              <X>10.0</X>
              <Y>10.0</Y>
            </Point>
            <Point>
              <X>110.0</X>
              <Y>10.0</Y>
            </Point>
            <Point>
              <X>110.0</X>
              <Y>110.0</Y>
            </Point>
            <Point>
              <X>10.0</X>
              <Y>110.0</Y>
            </Point>
          </Polygon>
        </VideoObjectLocation>
        <VideoObjectLocation>
          <Visible>1</Visible>
          <Frame>12005</Frame>
          <AbsTime>400133.3222222222</AbsTime>
          <Label>explain</Label>
          <Polygon>
            <Point>
              <X>10.0</X>
              <Y>10.0</Y>
            </Point>
            <Point>
              <X>110.0</X>
              <Y>10.0</Y>
            </Point>
            <Point>
              <X>110.0</X>
              <Y>110.0</Y>
            </Point>
            <Point>
              <X>10.0</X>
              <Y>110.0</Y>
            </Point>
          </Polygon>
        </VideoObjectLocation>
        <VideoObjectLocation>
          <Visible>1</Visible>
          <Frame>12474</Frame>
          <AbsTime>415766.6555555556</AbsTime>
          <Label>out</Label>
          <Polygon>
            <Point>
              <X>10.0</X>
              <Y>10.0</Y>
            </Point>
            <Point>
              <X>110.0</X>
              <Y>10.0</Y>
            </Point>
            <Point>
              <X>110.0</X>
              <Y>110.0</Y>
            </Point>
            <Point>
              <X>10.0</X>
              <Y>110.0</Y>
            </Point>
          </Polygon>
        </VideoObjectLocation>
        <VideoObjectLocation>
          <Visible>1</Visible>
          <Frame>12494</Frame>
          <AbsTime>416433.3222222222</AbsTime>
          <Label>explain</Label>
          <Polygon>
            <Point>
              <X>10.0</X>
              <Y>10.0</Y>
            </Point>
            <Point>
              <X>110.0</X>
              <Y>10.0</Y>
            </Point>
            <Point>
              <X>110.0</X>
              <Y>110.0</Y>
            </Point>
            <Point>
              <X>10.0</X>
              <Y>110.0</Y>
            </Point>
          </Polygon>
        </VideoObjectLocation>
        <VideoObjectLocation>
          <Visible>1</Visible>
          <Frame>12546</Frame>
          <AbsTime>418166.65555555554</AbsTime>
          <Label>write</Label>
          <Polygon>
            <Point>
              <X>10.0</X>
              <Y>10.0</Y>
            </Point>
            <Point>
              <X>110.0</X>
              <Y>10.0</Y>
            </Point>
            <Point>
              <X>110.0</X>
              <Y>110.0</Y>
            </Point>
            <Point>
              <X>10.0</X>
              <Y>110.0</Y>
            </Point>
          </Polygon>
        </VideoObjectLocation>
        <VideoObjectLocation>
          <Visible>1</Visible>
          <Frame>12974</Frame>
          <AbsTime>432433.3222222222</AbsTime>
          <Label>explain</Label>
          <Polygon>
            <Point>
              <X>10.0</X>
              <Y>10.0</Y>
            </Point>
            <Point>
              <X>110.0</X>
              <Y>10.0</Y>
            </Point>
            <Point>
              <X>110.0</X>
              <Y>110.0</Y>
            </Point>
            <Point>
              <X>10.0</X>
              <Y>110.0</Y>
            </Point>
          </Polygon>
        </VideoObjectLocation>
        <VideoObjectLocation>
          <Visible>1</Visible>
          <Frame>13004</Frame>
          <AbsTime>433433.3222222222</AbsTime>
          <Label>out</Label>
          <Polygon>
            <Point>
              <X>10.0</X>
              <Y>10.0</Y>
            </Point>
            <Point>
              <X>110.0</X>
              <Y>10.0</Y>
            </Point>
            <Point>
              <X>110.0</X>
              <Y>110.0</Y>
            </Point>
            <Point>
              <X>10.0</X>
              <Y>110.0</Y>
            </Point>
          </Polygon>
        </VideoObjectLocation>
        <VideoObjectLocation>
          <Visible>1</Visible>
          <Frame>13073</Frame>
          <AbsTime>435733.3222222222</AbsTime>
          <Label>explain</Label>
          <Polygon>
            <Point>
              <X>10.0</X>
              <Y>10.0</Y>
            </Point>
            <Point>
              <X>110.0</X>
              <Y>10.0</Y>
            </Point>
            <Point>
              <X>110.0</X>
              <Y>110.0</Y>
            </Point>
            <Point>
              <X>10.0</X>
              <Y>110.0</Y>
            </Point>
          </Polygon>
        </VideoObjectLocation>
        <VideoObjectLocation>
          <Visible>1</Visible>
          <Frame>13255</Frame>
          <AbsTime>441799.9888888889</AbsTime>
          <Label>write</Label>
          <Polygon>
            <Point>
              <X>10.0</X>
              <Y>10.0</Y>
            </Point>
            <Point>
              <X>110.0</X>
              <Y>10.0</Y>
            </Point>
            <Point>
              <X>110.0</X>
              <Y>110.0</Y>
            </Point>
            <Point>
              <X>10.0</X>
              <Y>110.0</Y>
            </Point>
          </Polygon>
        </VideoObjectLocation>
        <VideoObjectLocation>
          <Visible>1</Visible>
          <Frame>13509</Frame>
          <AbsTime>450266.6555555556</AbsTime>
          <Label>change</Label>
          <Polygon>
            <Point>
              <X>10.0</X>
              <Y>10.0</Y>
            </Point>
            <Point>
              <X>110.0</X>
              <Y>10.0</Y>
            </Point>
            <Point>
              <X>110.0</X>
              <Y>110.0</Y>
            </Point>
            <Point>
              <X>10.0</X>
              <Y>110.0</Y>
            </Point>
          </Polygon>
        </VideoObjectLocation>
        <VideoObjectLocation>
          <Visible>1</Visible>
          <Frame>13577</Frame>
          <AbsTime>452533.3222222223</AbsTime>
          <Label>write</Label>
          <Polygon>
            <Point>
              <X>10.0</X>
              <Y>10.0</Y>
            </Point>
            <Point>
              <X>110.0</X>
              <Y>10.0</Y>
            </Point>
            <Point>
              <X>110.0</X>
              <Y>110.0</Y>
            </Point>
            <Point>
              <X>10.0</X>
              <Y>110.0</Y>
            </Point>
          </Polygon>
        </VideoObjectLocation>
        <VideoObjectLocation>
          <Visible>1</Visible>
          <Frame>13686</Frame>
          <AbsTime>456166.65555555554</AbsTime>
          <Label>change</Label>
          <Polygon>
            <Point>
              <X>10.0</X>
              <Y>10.0</Y>
            </Point>
            <Point>
              <X>110.0</X>
              <Y>10.0</Y>
            </Point>
            <Point>
              <X>110.0</X>
              <Y>110.0</Y>
            </Point>
            <Point>
              <X>10.0</X>
              <Y>110.0</Y>
            </Point>
          </Polygon>
        </VideoObjectLocation>
        <VideoObjectLocation>
          <Visible>1</Visible>
          <Frame>13761</Frame>
          <AbsTime>458666.65555555554</AbsTime>
          <Label>write</Label>
          <Polygon>
            <Point>
              <X>10.0</X>
              <Y>10.0</Y>
            </Point>
            <Point>
              <X>110.0</X>
              <Y>10.0</Y>
            </Point>
            <Point>
              <X>110.0</X>
              <Y>110.0</Y>
            </Point>
            <Point>
              <X>10.0</X>
              <Y>110.0</Y>
            </Point>
          </Polygon>
        </VideoObjectLocation>
        <VideoObjectLocation>
          <Visible>1</Visible>
          <Frame>13798</Frame>
          <AbsTime>459899.9888888889</AbsTime>
          <Label>change</Label>
          <Polygon>
            <Point>
              <X>10.0</X>
              <Y>10.0</Y>
            </Point>
            <Point>
              <X>110.0</X>
              <Y>10.0</Y>
            </Point>
            <Point>
              <X>110.0</X>
              <Y>110.0</Y>
            </Point>
            <Point>
              <X>10.0</X>
              <Y>110.0</Y>
            </Point>
          </Polygon>
        </VideoObjectLocation>
        <VideoObjectLocation>
          <Visible>1</Visible>
          <Frame>13874</Frame>
          <AbsTime>462433.3222222222</AbsTime>
          <Label>write</Label>
          <Polygon>
            <Point>
              <X>10.0</X>
              <Y>10.0</Y>
            </Point>
            <Point>
              <X>110.0</X>
              <Y>10.0</Y>
            </Point>
            <Point>
              <X>110.0</X>
              <Y>110.0</Y>
            </Point>
            <Point>
              <X>10.0</X>
              <Y>110.0</Y>
            </Point>
          </Polygon>
        </VideoObjectLocation>
        <VideoObjectLocation>
          <Visible>1</Visible>
          <Frame>13917</Frame>
          <AbsTime>463866.65555555554</AbsTime>
          <Label>explain</Label>
          <Polygon>
            <Point>
              <X>10.0</X>
              <Y>10.0</Y>
            </Point>
            <Point>
              <X>110.0</X>
              <Y>10.0</Y>
            </Point>
            <Point>
              <X>110.0</X>
              <Y>110.0</Y>
            </Point>
            <Point>
              <X>10.0</X>
              <Y>110.0</Y>
            </Point>
          </Polygon>
        </VideoObjectLocation>
        <VideoObjectLocation>
          <Visible>1</Visible>
          <Frame>14544</Frame>
          <AbsTime>484766.6555555556</AbsTime>
          <Label>out</Label>
          <Polygon>
            <Point>
              <X>10.0</X>
              <Y>10.0</Y>
            </Point>
            <Point>
              <X>110.0</X>
              <Y>10.0</Y>
            </Point>
            <Point>
              <X>110.0</X>
              <Y>110.0</Y>
            </Point>
            <Point>
              <X>10.0</X>
              <Y>110.0</Y>
            </Point>
          </Polygon>
        </VideoObjectLocation>
    </VideoObjectLocations>
  </VideoObject>
  </VideoObjects>
  <VideoSegments>
    <VideoSegment>
        <Start>0</Start>
        <End>15303</End>
    </VideoSegment>
  </VideoSegments>
  <VideoKeyFrames>
  </VideoKeyFrames>
</Annotations>
