<Annotations>
  <Database>LectureMath</Database>
  <Lecture>00012_006_003</Lecture>
  <Filename>whiteboards_2020/output/annotations/LectureMath_00012_006_003.xml</Filename>
  <VideoFiles>
     <VideoFile>whiteboards_2020/videos/00012_006_003.mp4</VideoFile>
  </VideoFiles>
  <DrawingInfo>
     <Canvas>
         <X>10.0</X>
         <Y>60.0</Y>
         <W>1040.0</W>
         <H>620.0</H>
     </Canvas>
     <Player>
         <ControlArea>
             <X>50.0</X>
             <Y>100.0</Y>
             <W>960.0</W>
             <H>540.0</H>
         </ControlArea>
         <RenderArea>
             <X>50.0</X>
             <Y>100.0</Y>
             <W>960.0</W>
             <H>540.0</H>
         </RenderArea>
     </Player>
  </DrawingInfo>
  <VideoObjects>
  <VideoObject>
    <Id>speaker</Id>
    <Name>speaker</Name>
    <Shape>0</Shape>
    <VideoObjectLocations>
        <VideoObjectLocation>
          <Visible>1</Visible>
          <Frame>0</Frame>
          <AbsTime>0.0</AbsTime>
          <Label>transit</Label>
          <Polygon>
            <Point>
              <X>10.0</X>
              <Y>10.0</Y>
            </Point>
            <Point>
              <X>110.0</X>
              <Y>10.0</Y>
            </Point>
            <Point>
              <X>110.0</X>
              <Y>110.0</Y>
            </Point>
            <Point>
              <X>10.0</X>
              <Y>110.0</Y>
            </Point>
          </Polygon>
        </VideoObjectLocation>
        <VideoObjectLocation>
          <Visible>1</Visible>
          <Frame>302</Frame>
          <AbsTime>10076.200361890997</AbsTime>
          <Label>explain</Label>
          <Polygon>
            <Point>
              <X>10.0</X>
              <Y>10.0</Y>
            </Point>
            <Point>
              <X>110.0</X>
              <Y>10.0</Y>
            </Point>
            <Point>
              <X>110.0</X>
              <Y>110.0</Y>
            </Point>
            <Point>
              <X>10.0</X>
              <Y>110.0</Y>
            </Point>
          </Polygon>
        </VideoObjectLocation>
        <VideoObjectLocation>
          <Visible>1</Visible>
          <Frame>1324</Frame>
          <AbsTime>44175.13006338967</AbsTime>
          <Label>write</Label>
          <Polygon>
            <Point>
              <X>10.0</X>
              <Y>10.0</Y>
            </Point>
            <Point>
              <X>110.0</X>
              <Y>10.0</Y>
            </Point>
            <Point>
              <X>110.0</X>
              <Y>110.0</Y>
            </Point>
            <Point>
              <X>10.0</X>
              <Y>110.0</Y>
            </Point>
          </Polygon>
        </VideoObjectLocation>
        <VideoObjectLocation>
          <Visible>1</Visible>
          <Frame>1562</Frame>
          <AbsTime>52115.976706204434</AbsTime>
          <Label>explain</Label>
          <Polygon>
            <Point>
              <X>10.0</X>
              <Y>10.0</Y>
            </Point>
            <Point>
              <X>110.0</X>
              <Y>10.0</Y>
            </Point>
            <Point>
              <X>110.0</X>
              <Y>110.0</Y>
            </Point>
            <Point>
              <X>10.0</X>
              <Y>110.0</Y>
            </Point>
          </Polygon>
        </VideoObjectLocation>
        <VideoObjectLocation>
          <Visible>1</Visible>
          <Frame>2412</Frame>
          <AbsTime>80482.15939476785</AbsTime>
          <Label>write</Label>
          <Polygon>
            <Point>
              <X>10.0</X>
              <Y>10.0</Y>
            </Point>
            <Point>
              <X>110.0</X>
              <Y>10.0</Y>
            </Point>
            <Point>
              <X>110.0</X>
              <Y>110.0</Y>
            </Point>
            <Point>
              <X>10.0</X>
              <Y>110.0</Y>
            </Point>
          </Polygon>
        </VideoObjectLocation>
        <VideoObjectLocation>
          <Visible>1</Visible>
          <Frame>2626</Frame>
          <AbsTime>87616.23228584688</AbsTime>
          <Label>explain</Label>
          <Polygon>
            <Point>
              <X>10.0</X>
              <Y>10.0</Y>
            </Point>
            <Point>
              <X>110.0</X>
              <Y>10.0</Y>
            </Point>
            <Point>
              <X>110.0</X>
              <Y>110.0</Y>
            </Point>
            <Point>
              <X>10.0</X>
              <Y>110.0</Y>
            </Point>
          </Polygon>
        </VideoObjectLocation>
        <VideoObjectLocation>
          <Visible>1</Visible>
          <Frame>3977</Frame>
          <AbsTime>132692.21469947184</AbsTime>
          <Label>point</Label>
          <Polygon>
            <Point>
              <X>10.0</X>
              <Y>10.0</Y>
            </Point>
            <Point>
              <X>110.0</X>
              <Y>10.0</Y>
            </Point>
            <Point>
              <X>110.0</X>
              <Y>110.0</Y>
            </Point>
            <Point>
              <X>10.0</X>
              <Y>110.0</Y>
            </Point>
          </Polygon>
        </VideoObjectLocation>
        <VideoObjectLocation>
          <Visible>1</Visible>
          <Frame>4012</Frame>
          <AbsTime>133859.98626459166</AbsTime>
          <Label>explain</Label>
          <Polygon>
            <Point>
              <X>10.0</X>
              <Y>10.0</Y>
            </Point>
            <Point>
              <X>110.0</X>
              <Y>10.0</Y>
            </Point>
            <Point>
              <X>110.0</X>
              <Y>110.0</Y>
            </Point>
            <Point>
              <X>10.0</X>
              <Y>110.0</Y>
            </Point>
          </Polygon>
        </VideoObjectLocation>
        <VideoObjectLocation>
          <Visible>1</Visible>
          <Frame>4261</Frame>
          <AbsTime>142167.84682787265</AbsTime>
          <Label>write</Label>
          <Polygon>
            <Point>
              <X>10.0</X>
              <Y>10.0</Y>
            </Point>
            <Point>
              <X>110.0</X>
              <Y>10.0</Y>
            </Point>
            <Point>
              <X>110.0</X>
              <Y>110.0</Y>
            </Point>
            <Point>
              <X>10.0</X>
              <Y>110.0</Y>
            </Point>
          </Polygon>
        </VideoObjectLocation>
        <VideoObjectLocation>
          <Visible>1</Visible>
          <Frame>4450</Frame>
          <AbsTime>148473.81327951967</AbsTime>
          <Label>explain</Label>
          <Polygon>
            <Point>
              <X>10.0</X>
              <Y>10.0</Y>
            </Point>
            <Point>
              <X>110.0</X>
              <Y>10.0</Y>
            </Point>
            <Point>
              <X>110.0</X>
              <Y>110.0</Y>
            </Point>
            <Point>
              <X>10.0</X>
              <Y>110.0</Y>
            </Point>
          </Polygon>
        </VideoObjectLocation>
        <VideoObjectLocation>
          <Visible>1</Visible>
          <Frame>4558</Frame>
          <AbsTime>152077.2226804608</AbsTime>
          <Label>write</Label>
          <Polygon>
            <Point>
              <X>10.0</X>
              <Y>10.0</Y>
            </Point>
            <Point>
              <X>110.0</X>
              <Y>10.0</Y>
            </Point>
            <Point>
              <X>110.0</X>
              <Y>110.0</Y>
            </Point>
            <Point>
              <X>10.0</X>
              <Y>110.0</Y>
            </Point>
          </Polygon>
        </VideoObjectLocation>
        <VideoObjectLocation>
          <Visible>1</Visible>
          <Frame>4651</Frame>
          <AbsTime>155180.15855349347</AbsTime>
          <Label>fingererase</Label>
          <Polygon>
            <Point>
              <X>10.0</X>
              <Y>10.0</Y>
            </Point>
            <Point>
              <X>110.0</X>
              <Y>10.0</Y>
            </Point>
            <Point>
              <X>110.0</X>
              <Y>110.0</Y>
            </Point>
            <Point>
              <X>10.0</X>
              <Y>110.0</Y>
            </Point>
          </Polygon>
        </VideoObjectLocation>
        <VideoObjectLocation>
          <Visible>1</Visible>
          <Frame>4697</Frame>
          <AbsTime>156714.94403907954</AbsTime>
          <Label>write</Label>
          <Polygon>
            <Point>
              <X>10.0</X>
              <Y>10.0</Y>
            </Point>
            <Point>
              <X>110.0</X>
              <Y>10.0</Y>
            </Point>
            <Point>
              <X>110.0</X>
              <Y>110.0</Y>
            </Point>
            <Point>
              <X>10.0</X>
              <Y>110.0</Y>
            </Point>
          </Polygon>
        </VideoObjectLocation>
        <VideoObjectLocation>
          <Visible>1</Visible>
          <Frame>4728</Frame>
          <AbsTime>157749.25599675707</AbsTime>
          <Label>explain</Label>
          <Polygon>
            <Point>
              <X>10.0</X>
              <Y>10.0</Y>
            </Point>
            <Point>
              <X>110.0</X>
              <Y>10.0</Y>
            </Point>
            <Point>
              <X>110.0</X>
              <Y>110.0</Y>
            </Point>
            <Point>
              <X>10.0</X>
              <Y>110.0</Y>
            </Point>
          </Polygon>
        </VideoObjectLocation>
        <VideoObjectLocation>
          <Visible>1</Visible>
          <Frame>5047</Frame>
          <AbsTime>168392.6596902777</AbsTime>
          <Label>write</Label>
          <Polygon>
            <Point>
              <X>10.0</X>
              <Y>10.0</Y>
            </Point>
            <Point>
              <X>110.0</X>
              <Y>10.0</Y>
            </Point>
            <Point>
              <X>110.0</X>
              <Y>110.0</Y>
            </Point>
            <Point>
              <X>10.0</X>
              <Y>110.0</Y>
            </Point>
          </Polygon>
        </VideoObjectLocation>
        <VideoObjectLocation>
          <Visible>1</Visible>
          <Frame>5218</Frame>
          <AbsTime>174098.0579084345</AbsTime>
          <Label>explain</Label>
          <Polygon>
            <Point>
              <X>10.0</X>
              <Y>10.0</Y>
            </Point>
            <Point>
              <X>110.0</X>
              <Y>10.0</Y>
            </Point>
            <Point>
              <X>110.0</X>
              <Y>110.0</Y>
            </Point>
            <Point>
              <X>10.0</X>
              <Y>110.0</Y>
            </Point>
          </Polygon>
        </VideoObjectLocation>
        <VideoObjectLocation>
          <Visible>1</Visible>
          <Frame>6026</Frame>
          <AbsTime>201056.89861177202</AbsTime>
          <Label>write</Label>
          <Polygon>
            <Point>
              <X>10.0</X>
              <Y>10.0</Y>
            </Point>
            <Point>
              <X>110.0</X>
              <Y>10.0</Y>
            </Point>
            <Point>
              <X>110.0</X>
              <Y>110.0</Y>
            </Point>
            <Point>
              <X>10.0</X>
              <Y>110.0</Y>
            </Point>
          </Polygon>
        </VideoObjectLocation>
        <VideoObjectLocation>
          <Visible>1</Visible>
          <Frame>6164</Frame>
          <AbsTime>205661.25506853015</AbsTime>
          <Label>explain</Label>
          <Polygon>
            <Point>
              <X>10.0</X>
              <Y>10.0</Y>
            </Point>
            <Point>
              <X>110.0</X>
              <Y>10.0</Y>
            </Point>
            <Point>
              <X>110.0</X>
              <Y>110.0</Y>
            </Point>
            <Point>
              <X>10.0</X>
              <Y>110.0</Y>
            </Point>
          </Polygon>
        </VideoObjectLocation>
        <VideoObjectLocation>
          <Visible>1</Visible>
          <Frame>6282</Frame>
          <AbsTime>209598.31348807696</AbsTime>
          <Label>write</Label>
          <Polygon>
            <Point>
              <X>10.0</X>
              <Y>10.0</Y>
            </Point>
            <Point>
              <X>110.0</X>
              <Y>10.0</Y>
            </Point>
            <Point>
              <X>110.0</X>
              <Y>110.0</Y>
            </Point>
            <Point>
              <X>10.0</X>
              <Y>110.0</Y>
            </Point>
          </Polygon>
        </VideoObjectLocation>
        <VideoObjectLocation>
          <Visible>1</Visible>
          <Frame>6456</Frame>
          <AbsTime>215403.8064118155</AbsTime>
          <Label>explain</Label>
          <Polygon>
            <Point>
              <X>10.0</X>
              <Y>10.0</Y>
            </Point>
            <Point>
              <X>110.0</X>
              <Y>10.0</Y>
            </Point>
            <Point>
              <X>110.0</X>
              <Y>110.0</Y>
            </Point>
            <Point>
              <X>10.0</X>
              <Y>110.0</Y>
            </Point>
          </Polygon>
        </VideoObjectLocation>
        <VideoObjectLocation>
          <Visible>1</Visible>
          <Frame>7052</Frame>
          <AbsTime>235289.28792071296</AbsTime>
          <Label>write</Label>
          <Polygon>
            <Point>
              <X>10.0</X>
              <Y>10.0</Y>
            </Point>
            <Point>
              <X>110.0</X>
              <Y>10.0</Y>
            </Point>
            <Point>
              <X>110.0</X>
              <Y>110.0</Y>
            </Point>
            <Point>
              <X>10.0</X>
              <Y>110.0</Y>
            </Point>
          </Polygon>
        </VideoObjectLocation>
        <VideoObjectLocation>
          <Visible>1</Visible>
          <Frame>7336</Frame>
          <AbsTime>244764.92004911377</AbsTime>
          <Label>explain</Label>
          <Polygon>
            <Point>
              <X>10.0</X>
              <Y>10.0</Y>
            </Point>
            <Point>
              <X>110.0</X>
              <Y>10.0</Y>
            </Point>
            <Point>
              <X>110.0</X>
              <Y>110.0</Y>
            </Point>
            <Point>
              <X>10.0</X>
              <Y>110.0</Y>
            </Point>
          </Polygon>
        </VideoObjectLocation>
        <VideoObjectLocation>
          <Visible>1</Visible>
          <Frame>7674</Frame>
          <AbsTime>256042.25687798514</AbsTime>
          <Label>pickerase</Label>
          <Polygon>
            <Point>
              <X>10.0</X>
              <Y>10.0</Y>
            </Point>
            <Point>
              <X>110.0</X>
              <Y>10.0</Y>
            </Point>
            <Point>
              <X>110.0</X>
              <Y>110.0</Y>
            </Point>
            <Point>
              <X>10.0</X>
              <Y>110.0</Y>
            </Point>
          </Polygon>
        </VideoObjectLocation>
        <VideoObjectLocation>
          <Visible>1</Visible>
          <Frame>7714</Frame>
          <AbsTime>257376.8529524078</AbsTime>
          <Label>explain</Label>
          <Polygon>
            <Point>
              <X>10.0</X>
              <Y>10.0</Y>
            </Point>
            <Point>
              <X>110.0</X>
              <Y>10.0</Y>
            </Point>
            <Point>
              <X>110.0</X>
              <Y>110.0</Y>
            </Point>
            <Point>
              <X>10.0</X>
              <Y>110.0</Y>
            </Point>
          </Polygon>
        </VideoObjectLocation>
        <VideoObjectLocation>
          <Visible>1</Visible>
          <Frame>7930</Frame>
          <AbsTime>264583.6717542901</AbsTime>
          <Label>pickerase</Label>
          <Polygon>
            <Point>
              <X>10.0</X>
              <Y>10.0</Y>
            </Point>
            <Point>
              <X>110.0</X>
              <Y>10.0</Y>
            </Point>
            <Point>
              <X>110.0</X>
              <Y>110.0</Y>
            </Point>
            <Point>
              <X>10.0</X>
              <Y>110.0</Y>
            </Point>
          </Polygon>
        </VideoObjectLocation>
        <VideoObjectLocation>
          <Visible>1</Visible>
          <Frame>7946</Frame>
          <AbsTime>265117.51018405915</AbsTime>
          <Label>erase</Label>
          <Polygon>
            <Point>
              <X>10.0</X>
              <Y>10.0</Y>
            </Point>
            <Point>
              <X>110.0</X>
              <Y>10.0</Y>
            </Point>
            <Point>
              <X>110.0</X>
              <Y>110.0</Y>
            </Point>
            <Point>
              <X>10.0</X>
              <Y>110.0</Y>
            </Point>
          </Polygon>
        </VideoObjectLocation>
        <VideoObjectLocation>
          <Visible>1</Visible>
          <Frame>8062</Frame>
          <AbsTime>268987.83879988483</AbsTime>
          <Label>droperase</Label>
          <Polygon>
            <Point>
              <X>10.0</X>
              <Y>10.0</Y>
            </Point>
            <Point>
              <X>110.0</X>
              <Y>10.0</Y>
            </Point>
            <Point>
              <X>110.0</X>
              <Y>110.0</Y>
            </Point>
            <Point>
              <X>10.0</X>
              <Y>110.0</Y>
            </Point>
          </Polygon>
        </VideoObjectLocation>
        <VideoObjectLocation>
          <Visible>1</Visible>
          <Frame>8103</Frame>
          <AbsTime>270355.7997761681</AbsTime>
          <Label>explain</Label>
          <Polygon>
            <Point>
              <X>10.0</X>
              <Y>10.0</Y>
            </Point>
            <Point>
              <X>110.0</X>
              <Y>10.0</Y>
            </Point>
            <Point>
              <X>110.0</X>
              <Y>110.0</Y>
            </Point>
            <Point>
              <X>10.0</X>
              <Y>110.0</Y>
            </Point>
          </Polygon>
        </VideoObjectLocation>
        <VideoObjectLocation>
          <Visible>1</Visible>
          <Frame>8733</Frame>
          <AbsTime>291375.6879483247</AbsTime>
          <Label>write</Label>
          <Polygon>
            <Point>
              <X>10.0</X>
              <Y>10.0</Y>
            </Point>
            <Point>
              <X>110.0</X>
              <Y>10.0</Y>
            </Point>
            <Point>
              <X>110.0</X>
              <Y>110.0</Y>
            </Point>
            <Point>
              <X>10.0</X>
              <Y>110.0</Y>
            </Point>
          </Polygon>
        </VideoObjectLocation>
        <VideoObjectLocation>
          <Visible>1</Visible>
          <Frame>9098</Frame>
          <AbsTime>303553.87712743145</AbsTime>
          <Label>explain</Label>
          <Polygon>
            <Point>
              <X>10.0</X>
              <Y>10.0</Y>
            </Point>
            <Point>
              <X>110.0</X>
              <Y>10.0</Y>
            </Point>
            <Point>
              <X>110.0</X>
              <Y>110.0</Y>
            </Point>
            <Point>
              <X>10.0</X>
              <Y>110.0</Y>
            </Point>
          </Polygon>
        </VideoObjectLocation>
        <VideoObjectLocation>
          <Visible>1</Visible>
          <Frame>9267</Frame>
          <AbsTime>309192.54554186715</AbsTime>
          <Label>write</Label>
          <Polygon>
            <Point>
              <X>10.0</X>
              <Y>10.0</Y>
            </Point>
            <Point>
              <X>110.0</X>
              <Y>10.0</Y>
            </Point>
            <Point>
              <X>110.0</X>
              <Y>110.0</Y>
            </Point>
            <Point>
              <X>10.0</X>
              <Y>110.0</Y>
            </Point>
          </Polygon>
        </VideoObjectLocation>
        <VideoObjectLocation>
          <Visible>1</Visible>
          <Frame>9350</Frame>
          <AbsTime>311961.8323962941</AbsTime>
          <Label>explain</Label>
          <Polygon>
            <Point>
              <X>10.0</X>
              <Y>10.0</Y>
            </Point>
            <Point>
              <X>110.0</X>
              <Y>10.0</Y>
            </Point>
            <Point>
              <X>110.0</X>
              <Y>110.0</Y>
            </Point>
            <Point>
              <X>10.0</X>
              <Y>110.0</Y>
            </Point>
          </Polygon>
        </VideoObjectLocation>
        <VideoObjectLocation>
          <Visible>1</Visible>
          <Frame>9554</Frame>
          <AbsTime>318768.27237584966</AbsTime>
          <Label>write</Label>
          <Polygon>
            <Point>
              <X>10.0</X>
              <Y>10.0</Y>
            </Point>
            <Point>
              <X>110.0</X>
              <Y>10.0</Y>
            </Point>
            <Point>
              <X>110.0</X>
              <Y>110.0</Y>
            </Point>
            <Point>
              <X>10.0</X>
              <Y>110.0</Y>
            </Point>
          </Polygon>
        </VideoObjectLocation>
        <VideoObjectLocation>
          <Visible>1</Visible>
          <Frame>9616</Frame>
          <AbsTime>320836.8962912047</AbsTime>
          <Label>explain</Label>
          <Polygon>
            <Point>
              <X>10.0</X>
              <Y>10.0</Y>
            </Point>
            <Point>
              <X>110.0</X>
              <Y>10.0</Y>
            </Point>
            <Point>
              <X>110.0</X>
              <Y>110.0</Y>
            </Point>
            <Point>
              <X>10.0</X>
              <Y>110.0</Y>
            </Point>
          </Polygon>
        </VideoObjectLocation>
        <VideoObjectLocation>
          <Visible>1</Visible>
          <Frame>9820</Frame>
          <AbsTime>327643.3362707603</AbsTime>
          <Label>write</Label>
          <Polygon>
            <Point>
              <X>10.0</X>
              <Y>10.0</Y>
            </Point>
            <Point>
              <X>110.0</X>
              <Y>10.0</Y>
            </Point>
            <Point>
              <X>110.0</X>
              <Y>110.0</Y>
            </Point>
            <Point>
              <X>10.0</X>
              <Y>110.0</Y>
            </Point>
          </Polygon>
        </VideoObjectLocation>
        <VideoObjectLocation>
          <Visible>1</Visible>
          <Frame>9832</Frame>
          <AbsTime>328043.71509308706</AbsTime>
          <Label>explain</Label>
          <Polygon>
            <Point>
              <X>10.0</X>
              <Y>10.0</Y>
            </Point>
            <Point>
              <X>110.0</X>
              <Y>10.0</Y>
            </Point>
            <Point>
              <X>110.0</X>
              <Y>110.0</Y>
            </Point>
            <Point>
              <X>10.0</X>
              <Y>110.0</Y>
            </Point>
          </Polygon>
        </VideoObjectLocation>
        <VideoObjectLocation>
          <Visible>1</Visible>
          <Frame>10100</Frame>
          <AbsTime>336985.5087917188</AbsTime>
          <Label>write</Label>
          <Polygon>
            <Point>
              <X>10.0</X>
              <Y>10.0</Y>
            </Point>
            <Point>
              <X>110.0</X>
              <Y>10.0</Y>
            </Point>
            <Point>
              <X>110.0</X>
              <Y>110.0</Y>
            </Point>
            <Point>
              <X>10.0</X>
              <Y>110.0</Y>
            </Point>
          </Polygon>
        </VideoObjectLocation>
        <VideoObjectLocation>
          <Visible>1</Visible>
          <Frame>10377</Frame>
          <AbsTime>346227.58660709567</AbsTime>
          <Label>explain</Label>
          <Polygon>
            <Point>
              <X>10.0</X>
              <Y>10.0</Y>
            </Point>
            <Point>
              <X>110.0</X>
              <Y>10.0</Y>
            </Point>
            <Point>
              <X>110.0</X>
              <Y>110.0</Y>
            </Point>
            <Point>
              <X>10.0</X>
              <Y>110.0</Y>
            </Point>
          </Polygon>
        </VideoObjectLocation>
        <VideoObjectLocation>
          <Visible>1</Visible>
          <Frame>10394</Frame>
          <AbsTime>346819.1097578575</AbsTime>
          <Label>fingererase</Label>
          <Polygon>
            <Point>
              <X>10.0</X>
              <Y>10.0</Y>
            </Point>
            <Point>
              <X>110.0</X>
              <Y>10.0</Y>
            </Point>
            <Point>
              <X>110.0</X>
              <Y>110.0</Y>
            </Point>
            <Point>
              <X>10.0</X>
              <Y>110.0</Y>
            </Point>
          </Polygon>
        </VideoObjectLocation>
        <VideoObjectLocation>
          <Visible>1</Visible>
          <Frame>10453</Frame>
          <AbsTime>348763.3191484987</AbsTime>
          <Label>write</Label>
          <Polygon>
            <Point>
              <X>10.0</X>
              <Y>10.0</Y>
            </Point>
            <Point>
              <X>110.0</X>
              <Y>10.0</Y>
            </Point>
            <Point>
              <X>110.0</X>
              <Y>110.0</Y>
            </Point>
            <Point>
              <X>10.0</X>
              <Y>110.0</Y>
            </Point>
          </Polygon>
        </VideoObjectLocation>
        <VideoObjectLocation>
          <Visible>1</Visible>
          <Frame>10460</Frame>
          <AbsTime>348996.8734615226</AbsTime>
          <Label>explain</Label>
          <Polygon>
            <Point>
              <X>10.0</X>
              <Y>10.0</Y>
            </Point>
            <Point>
              <X>110.0</X>
              <Y>10.0</Y>
            </Point>
            <Point>
              <X>110.0</X>
              <Y>110.0</Y>
            </Point>
            <Point>
              <X>10.0</X>
              <Y>110.0</Y>
            </Point>
          </Polygon>
        </VideoObjectLocation>
        <VideoObjectLocation>
          <Visible>1</Visible>
          <Frame>10682</Frame>
          <AbsTime>356403.88167456834</AbsTime>
          <Label>write</Label>
          <Polygon>
            <Point>
              <X>10.0</X>
              <Y>10.0</Y>
            </Point>
            <Point>
              <X>110.0</X>
              <Y>10.0</Y>
            </Point>
            <Point>
              <X>110.0</X>
              <Y>110.0</Y>
            </Point>
            <Point>
              <X>10.0</X>
              <Y>110.0</Y>
            </Point>
          </Polygon>
        </VideoObjectLocation>
        <VideoObjectLocation>
          <Visible>1</Visible>
          <Frame>10708</Frame>
          <AbsTime>357271.369122943</AbsTime>
          <Label>explain</Label>
          <Polygon>
            <Point>
              <X>10.0</X>
              <Y>10.0</Y>
            </Point>
            <Point>
              <X>110.0</X>
              <Y>10.0</Y>
            </Point>
            <Point>
              <X>110.0</X>
              <Y>110.0</Y>
            </Point>
            <Point>
              <X>10.0</X>
              <Y>110.0</Y>
            </Point>
          </Polygon>
        </VideoObjectLocation>
        <VideoObjectLocation>
          <Visible>1</Visible>
          <Frame>11458</Frame>
          <AbsTime>382298.0933333725</AbsTime>
          <Label>write</Label>
          <Polygon>
            <Point>
              <X>10.0</X>
              <Y>10.0</Y>
            </Point>
            <Point>
              <X>110.0</X>
              <Y>10.0</Y>
            </Point>
            <Point>
              <X>110.0</X>
              <Y>110.0</Y>
            </Point>
            <Point>
              <X>10.0</X>
              <Y>110.0</Y>
            </Point>
          </Polygon>
        </VideoObjectLocation>
        <VideoObjectLocation>
          <Visible>1</Visible>
          <Frame>12126</Frame>
          <AbsTime>404582.79996122594</AbsTime>
          <Label>explain</Label>
          <Polygon>
            <Point>
              <X>10.0</X>
              <Y>10.0</Y>
            </Point>
            <Point>
              <X>110.0</X>
              <Y>10.0</Y>
            </Point>
            <Point>
              <X>110.0</X>
              <Y>110.0</Y>
            </Point>
            <Point>
              <X>10.0</X>
              <Y>110.0</Y>
            </Point>
          </Polygon>
        </VideoObjectLocation>
        <VideoObjectLocation>
          <Visible>1</Visible>
          <Frame>12802</Frame>
          <AbsTime>427137.4736189687</AbsTime>
          <Label>write</Label>
          <Polygon>
            <Point>
              <X>10.0</X>
              <Y>10.0</Y>
            </Point>
            <Point>
              <X>110.0</X>
              <Y>10.0</Y>
            </Point>
            <Point>
              <X>110.0</X>
              <Y>110.0</Y>
            </Point>
            <Point>
              <X>10.0</X>
              <Y>110.0</Y>
            </Point>
          </Polygon>
        </VideoObjectLocation>
        <VideoObjectLocation>
          <Visible>1</Visible>
          <Frame>13235</Frame>
          <AbsTime>441584.4761245939</AbsTime>
          <Label>explain</Label>
          <Polygon>
            <Point>
              <X>10.0</X>
              <Y>10.0</Y>
            </Point>
            <Point>
              <X>110.0</X>
              <Y>10.0</Y>
            </Point>
            <Point>
              <X>110.0</X>
              <Y>110.0</Y>
            </Point>
            <Point>
              <X>10.0</X>
              <Y>110.0</Y>
            </Point>
          </Polygon>
        </VideoObjectLocation>
        <VideoObjectLocation>
          <Visible>1</Visible>
          <Frame>13316</Frame>
          <AbsTime>444287.03317529976</AbsTime>
          <Label>fingererase</Label>
          <Polygon>
            <Point>
              <X>10.0</X>
              <Y>10.0</Y>
            </Point>
            <Point>
              <X>110.0</X>
              <Y>10.0</Y>
            </Point>
            <Point>
              <X>110.0</X>
              <Y>110.0</Y>
            </Point>
            <Point>
              <X>10.0</X>
              <Y>110.0</Y>
            </Point>
          </Polygon>
        </VideoObjectLocation>
        <VideoObjectLocation>
          <Visible>1</Visible>
          <Frame>13353</Frame>
          <AbsTime>445521.5345441407</AbsTime>
          <Label>write</Label>
          <Polygon>
            <Point>
              <X>10.0</X>
              <Y>10.0</Y>
            </Point>
            <Point>
              <X>110.0</X>
              <Y>10.0</Y>
            </Point>
            <Point>
              <X>110.0</X>
              <Y>110.0</Y>
            </Point>
            <Point>
              <X>10.0</X>
              <Y>110.0</Y>
            </Point>
          </Polygon>
        </VideoObjectLocation>
        <VideoObjectLocation>
          <Visible>1</Visible>
          <Frame>13388</Frame>
          <AbsTime>446695.89791885077</AbsTime>
          <Label>explain</Label>
          <Polygon>
            <Point>
              <X>10.0</X>
              <Y>10.0</Y>
            </Point>
            <Point>
              <X>110.0</X>
              <Y>10.0</Y>
            </Point>
            <Point>
              <X>110.0</X>
              <Y>110.0</Y>
            </Point>
            <Point>
              <X>10.0</X>
              <Y>110.0</Y>
            </Point>
          </Polygon>
        </VideoObjectLocation>
        <VideoObjectLocation>
          <Visible>1</Visible>
          <Frame>13999</Frame>
          <AbsTime>467091.79250605666</AbsTime>
          <Label>write</Label>
          <Polygon>
            <Point>
              <X>10.0</X>
              <Y>10.0</Y>
            </Point>
            <Point>
              <X>110.0</X>
              <Y>10.0</Y>
            </Point>
            <Point>
              <X>110.0</X>
              <Y>110.0</Y>
            </Point>
            <Point>
              <X>10.0</X>
              <Y>110.0</Y>
            </Point>
          </Polygon>
        </VideoObjectLocation>
        <VideoObjectLocation>
          <Visible>1</Visible>
          <Frame>14404</Frame>
          <AbsTime>480588.0463995958</AbsTime>
          <Label>explain</Label>
          <Polygon>
            <Point>
              <X>10.0</X>
              <Y>10.0</Y>
            </Point>
            <Point>
              <X>110.0</X>
              <Y>10.0</Y>
            </Point>
            <Point>
              <X>110.0</X>
              <Y>110.0</Y>
            </Point>
            <Point>
              <X>10.0</X>
              <Y>110.0</Y>
            </Point>
          </Polygon>
        </VideoObjectLocation>
        <VideoObjectLocation>
          <Visible>1</Visible>
          <Frame>14414</Frame>
          <AbsTime>480921.69541820145</AbsTime>
          <Label>handerase</Label>
          <Polygon>
            <Point>
              <X>10.0</X>
              <Y>10.0</Y>
            </Point>
            <Point>
              <X>110.0</X>
              <Y>10.0</Y>
            </Point>
            <Point>
              <X>110.0</X>
              <Y>110.0</Y>
            </Point>
            <Point>
              <X>10.0</X>
              <Y>110.0</Y>
            </Point>
          </Polygon>
        </VideoObjectLocation>
        <VideoObjectLocation>
          <Visible>1</Visible>
          <Frame>14444</Frame>
          <AbsTime>481922.64247401844</AbsTime>
          <Label>explain</Label>
          <Polygon>
            <Point>
              <X>10.000000000000002</X>
              <Y>10.000000000000002</Y>
            </Point>
            <Point>
              <X>110.00000000000001</X>
              <Y>10.000000000000002</Y>
            </Point>
            <Point>
              <X>110.00000000000001</X>
              <Y>110.00000000000001</Y>
            </Point>
            <Point>
              <X>10.000000000000002</X>
              <Y>110.00000000000001</Y>
            </Point>
          </Polygon>
        </VideoObjectLocation>
        <VideoObjectLocation>
          <Visible>1</Visible>
          <Frame>14688</Frame>
          <AbsTime>490083.8217711473</AbsTime>
          <Label>write</Label>
          <Polygon>
            <Point>
              <X>10.0</X>
              <Y>10.0</Y>
            </Point>
            <Point>
              <X>110.0</X>
              <Y>10.0</Y>
            </Point>
            <Point>
              <X>110.0</X>
              <Y>110.0</Y>
            </Point>
            <Point>
              <X>10.0</X>
              <Y>110.0</Y>
            </Point>
          </Polygon>
        </VideoObjectLocation>
        <VideoObjectLocation>
          <Visible>1</Visible>
          <Frame>14826</Frame>
          <AbsTime>494668.03498475475</AbsTime>
          <Label>explain</Label>
          <Polygon>
            <Point>
              <X>10.0</X>
              <Y>10.0</Y>
            </Point>
            <Point>
              <X>110.0</X>
              <Y>10.0</Y>
            </Point>
            <Point>
              <X>110.0</X>
              <Y>110.0</Y>
            </Point>
            <Point>
              <X>10.0</X>
              <Y>110.0</Y>
            </Point>
          </Polygon>
        </VideoObjectLocation>
        <VideoObjectLocation>
          <Visible>1</Visible>
          <Frame>15069</Frame>
          <AbsTime>502797.90086953563</AbsTime>
          <Label>write</Label>
          <Polygon>
            <Point>
              <X>10.0</X>
              <Y>10.0</Y>
            </Point>
            <Point>
              <X>110.0</X>
              <Y>10.0</Y>
            </Point>
            <Point>
              <X>110.0</X>
              <Y>110.0</Y>
            </Point>
            <Point>
              <X>10.0</X>
              <Y>110.0</Y>
            </Point>
          </Polygon>
        </VideoObjectLocation>
        <VideoObjectLocation>
          <Visible>1</Visible>
          <Frame>15474</Frame>
          <AbsTime>516288.4913904016</AbsTime>
          <Label>explain</Label>
          <Polygon>
            <Point>
              <X>10.0</X>
              <Y>10.0</Y>
            </Point>
            <Point>
              <X>110.0</X>
              <Y>10.0</Y>
            </Point>
            <Point>
              <X>110.0</X>
              <Y>110.0</Y>
            </Point>
            <Point>
              <X>10.0</X>
              <Y>110.0</Y>
            </Point>
          </Polygon>
        </VideoObjectLocation>
        <VideoObjectLocation>
          <Visible>1</Visible>
          <Frame>15726</Frame>
          <AbsTime>524696.4466592643</AbsTime>
          <Label>point</Label>
          <Polygon>
            <Point>
              <X>10.0</X>
              <Y>10.0</Y>
            </Point>
            <Point>
              <X>110.0</X>
              <Y>10.0</Y>
            </Point>
            <Point>
              <X>110.0</X>
              <Y>110.0</Y>
            </Point>
            <Point>
              <X>10.0</X>
              <Y>110.0</Y>
            </Point>
          </Polygon>
        </VideoObjectLocation>
        <VideoObjectLocation>
          <Visible>1</Visible>
          <Frame>15781</Frame>
          <AbsTime>526531.5162615955</AbsTime>
          <Label>explain</Label>
          <Polygon>
            <Point>
              <X>10.0</X>
              <Y>10.0</Y>
            </Point>
            <Point>
              <X>110.0</X>
              <Y>10.0</Y>
            </Point>
            <Point>
              <X>110.0</X>
              <Y>110.0</Y>
            </Point>
            <Point>
              <X>10.0</X>
              <Y>110.0</Y>
            </Point>
          </Polygon>
        </VideoObjectLocation>
        <VideoObjectLocation>
          <Visible>1</Visible>
          <Frame>16302</Frame>
          <AbsTime>543925.7144313093</AbsTime>
          <Label>write</Label>
          <Polygon>
            <Point>
              <X>10.0</X>
              <Y>10.0</Y>
            </Point>
            <Point>
              <X>110.0</X>
              <Y>10.0</Y>
            </Point>
            <Point>
              <X>110.0</X>
              <Y>110.0</Y>
            </Point>
            <Point>
              <X>10.0</X>
              <Y>110.0</Y>
            </Point>
          </Polygon>
        </VideoObjectLocation>
        <VideoObjectLocation>
          <Visible>1</Visible>
          <Frame>16781</Frame>
          <AbsTime>559896.4181221616</AbsTime>
          <Label>handerase</Label>
          <Polygon>
            <Point>
              <X>10.0</X>
              <Y>10.0</Y>
            </Point>
            <Point>
              <X>110.0</X>
              <Y>10.0</Y>
            </Point>
            <Point>
              <X>110.0</X>
              <Y>110.0</Y>
            </Point>
            <Point>
              <X>10.0</X>
              <Y>110.0</Y>
            </Point>
          </Polygon>
        </VideoObjectLocation>
        <VideoObjectLocation>
          <Visible>1</Visible>
          <Frame>16821</Frame>
          <AbsTime>561231.0141965844</AbsTime>
          <Label>explain</Label>
          <Polygon>
            <Point>
              <X>10.0</X>
              <Y>10.0</Y>
            </Point>
            <Point>
              <X>110.0</X>
              <Y>10.0</Y>
            </Point>
            <Point>
              <X>110.0</X>
              <Y>110.0</Y>
            </Point>
            <Point>
              <X>10.0</X>
              <Y>110.0</Y>
            </Point>
          </Polygon>
        </VideoObjectLocation>
        <VideoObjectLocation>
          <Visible>1</Visible>
          <Frame>16850</Frame>
          <AbsTime>562198.5963505408</AbsTime>
          <Label>write</Label>
          <Polygon>
            <Point>
              <X>10.0</X>
              <Y>10.0</Y>
            </Point>
            <Point>
              <X>110.0</X>
              <Y>10.0</Y>
            </Point>
            <Point>
              <X>110.0</X>
              <Y>110.0</Y>
            </Point>
            <Point>
              <X>10.0</X>
              <Y>110.0</Y>
            </Point>
          </Polygon>
        </VideoObjectLocation>
        <VideoObjectLocation>
          <Visible>1</Visible>
          <Frame>16869</Frame>
          <AbsTime>562832.5294858916</AbsTime>
          <Label>explain</Label>
          <Polygon>
            <Point>
              <X>10.0</X>
              <Y>10.0</Y>
            </Point>
            <Point>
              <X>110.0</X>
              <Y>10.0</Y>
            </Point>
            <Point>
              <X>110.0</X>
              <Y>110.0</Y>
            </Point>
            <Point>
              <X>10.0</X>
              <Y>110.0</Y>
            </Point>
          </Polygon>
        </VideoObjectLocation>
        <VideoObjectLocation>
          <Visible>1</Visible>
          <Frame>16947</Frame>
          <AbsTime>565451.4264471037</AbsTime>
          <Label>write</Label>
          <Polygon>
            <Point>
              <X>10.0</X>
              <Y>10.0</Y>
            </Point>
            <Point>
              <X>110.0</X>
              <Y>10.0</Y>
            </Point>
            <Point>
              <X>110.0</X>
              <Y>110.0</Y>
            </Point>
            <Point>
              <X>10.0</X>
              <Y>110.0</Y>
            </Point>
          </Polygon>
        </VideoObjectLocation>
        <VideoObjectLocation>
          <Visible>1</Visible>
          <Frame>17384</Frame>
          <AbsTime>580015.4539440831</AbsTime>
          <Label>explain</Label>
          <Polygon>
            <Point>
              <X>10.0</X>
              <Y>10.0</Y>
            </Point>
            <Point>
              <X>110.0</X>
              <Y>10.0</Y>
            </Point>
            <Point>
              <X>110.0</X>
              <Y>110.0</Y>
            </Point>
            <Point>
              <X>10.0</X>
              <Y>110.0</Y>
            </Point>
          </Polygon>
        </VideoObjectLocation>
        <VideoObjectLocation>
          <Visible>1</Visible>
          <Frame>18314</Frame>
          <AbsTime>611044.8126744097</AbsTime>
          <Label>transit</Label>
          <Polygon>
            <Point>
              <X>10.0</X>
              <Y>10.0</Y>
            </Point>
            <Point>
              <X>110.0</X>
              <Y>10.0</Y>
            </Point>
            <Point>
              <X>110.0</X>
              <Y>110.0</Y>
            </Point>
            <Point>
              <X>10.0</X>
              <Y>110.0</Y>
            </Point>
          </Polygon>
        </VideoObjectLocation>
        <VideoObjectLocation>
          <Visible>1</Visible>
          <Frame>18328</Frame>
          <AbsTime>611511.9213004577</AbsTime>
          <Label>explain</Label>
          <Polygon>
            <Point>
              <X>10.0</X>
              <Y>10.0</Y>
            </Point>
            <Point>
              <X>110.0</X>
              <Y>10.0</Y>
            </Point>
            <Point>
              <X>110.0</X>
              <Y>110.0</Y>
            </Point>
            <Point>
              <X>10.0</X>
              <Y>110.0</Y>
            </Point>
          </Polygon>
        </VideoObjectLocation>
        <VideoObjectLocation>
          <Visible>1</Visible>
          <Frame>18702</Frame>
          <AbsTime>623990.3945963094</AbsTime>
          <Label>transit</Label>
          <Polygon>
            <Point>
              <X>10.0</X>
              <Y>10.0</Y>
            </Point>
            <Point>
              <X>110.0</X>
              <Y>10.0</Y>
            </Point>
            <Point>
              <X>110.0</X>
              <Y>110.0</Y>
            </Point>
            <Point>
              <X>10.0</X>
              <Y>110.0</Y>
            </Point>
          </Polygon>
        </VideoObjectLocation>
    </VideoObjectLocations>
  </VideoObject>
  </VideoObjects>
  <VideoSegments>
    <VideoSegment>
        <Start>0</Start>
        <End>177</End>
    </VideoSegment>
    <VideoSegment>
        <Start>177</Start>
        <End>296</End>
    </VideoSegment>
    <VideoSegment>
        <Start>296</Start>
        <End>8065</End>
    </VideoSegment>
    <VideoSegment>
        <Start>8065</Start>
        <End>18314</End>
    </VideoSegment>
    <VideoSegment>
        <Start>18314</Start>
        <End>18321</End>
    </VideoSegment>
    <VideoSegment>
        <Start>18321</Start>
        <End>18708</End>
    </VideoSegment>
    <VideoSegment>
        <Start>18708</Start>
        <End>18913</End>
    </VideoSegment>
  </VideoSegments>
  <VideoKeyFrames>
    <VideoKeyFrame>
       <Index>158</Index>
    </VideoKeyFrame>
    <VideoKeyFrame>
       <Index>221</Index>
    </VideoKeyFrame>
    <VideoKeyFrame>
       <Index>7627</Index>
    </VideoKeyFrame>
    <VideoKeyFrame>
       <Index>7884</Index>
    </VideoKeyFrame>
    <VideoKeyFrame>
       <Index>17431</Index>
    </VideoKeyFrame>
    <VideoKeyFrame>
       <Index>17967</Index>
    </VideoKeyFrame>
    <VideoKeyFrame>
       <Index>18317</Index>
    </VideoKeyFrame>
    <VideoKeyFrame>
       <Index>18660</Index>
    </VideoKeyFrame>
    <VideoKeyFrame>
       <Index>18902</Index>
    </VideoKeyFrame>
  </VideoKeyFrames>
</Annotations>
